"name.company","ref.date","name","ON.percent","PN.percent","total.percent"
"BANCO DO ESTADO DO RIO GRANDE DO SUL SA","Current","Bndes + Fps",9.95,2.88,6.92
"BANCO DO ESTADO DO RIO GRANDE DO SUL SA","Current","Caixa Previdência Funcionários Do Banco Do Brasil - Previ",0.19,6.35,2.84
"BANCO DO ESTADO DO RIO GRANDE DO SUL SA","Current","União Federal",50.26,0,28.67
"BANCO DO ESTADO DO RIO GRANDE DO SUL SA","Current","Bndes Participações - Bndespar",0.16,22.31,9.67
"BANCO DO ESTADO DO RIO GRANDE DO SUL SA","Current","Caixa Econômica Federal",3.24,1.1,2.32
"BANCO DO ESTADO DO RIO GRANDE DO SUL SA","Current","Outros",36.2,67.36,49.58
"BANCO DO ESTADO DO RIO GRANDE DO SUL SA","Current","Ações Tesouraria",0,0,0
"BANCO DO ESTADO DO RIO GRANDE DO SUL SA","Current","Total",100,100,100
"PETRÓLEO BRASILEIRO  S.A.  - PETROBRAS","Current","Governo Do Estado Do Rio Grande Do Sul",99.58,14.13,56.97
"PETRÓLEO BRASILEIRO  S.A.  - PETROBRAS","Current","Skagen As",0,14.58,7.27
"PETRÓLEO BRASILEIRO  S.A.  - PETROBRAS","Current","Lsv Asset Management",0,4.93,2.46
"PETRÓLEO BRASILEIRO  S.A.  - PETROBRAS","Current","Outros",0.42,66.36,33.3
"PETRÓLEO BRASILEIRO  S.A.  - PETROBRAS","Current","Ações Tesouraria",0,0,0
"PETRÓLEO BRASILEIRO  S.A.  - PETROBRAS","Current","Total",100,100,100
