"name.company","ref.date","type.stock","number.of.stocks"
"BANCO DO ESTADO DO RIO GRANDE DO SUL SA","Current","Ordinárias",7442454142
"BANCO DO ESTADO DO RIO GRANDE DO SUL SA","Current","Preferenciais",5602042788
"BANCO DO ESTADO DO RIO GRANDE DO SUL SA","Current","Total",13044496930
"PETRÓLEO BRASILEIRO  S.A.  - PETROBRAS","Current","Ordinárias",205058382
"PETRÓLEO BRASILEIRO  S.A.  - PETROBRAS","Current","Preferenciais",203916095
"PETRÓLEO BRASILEIRO  S.A.  - PETROBRAS","Current","Total",408974477
