"company.name","ref.date","acc.number","acc.desc","acc.value","acc.value.infl.adj"
"BANCO DO ESTADO DO RIO GRANDE DO SUL SA",2008-12-31,"1","Ativo Total",25392684,10869225.2375653
"BANCO DO ESTADO DO RIO GRANDE DO SUL SA",2008-12-31,"1.01","Ativo Circulante",16298255,6976395.42847359
"BANCO DO ESTADO DO RIO GRANDE DO SUL SA",2008-12-31,"1.01.01","Disponibilidades",373239,159763.290814143
"BANCO DO ESTADO DO RIO GRANDE DO SUL SA",2008-12-31,"1.01.02","Aplicações Interfinanceiras de Liquidez",4668686,1998410.23884941
"BANCO DO ESTADO DO RIO GRANDE DO SUL SA",2008-12-31,"1.01.03","Títulos e Valores Mobiliários",3004516,1286069.68581457
"BANCO DO ESTADO DO RIO GRANDE DO SUL SA",2008-12-31,"1.01.04","Relações Interfinanceiras",1341804,574353.223182947
"BANCO DO ESTADO DO RIO GRANDE DO SUL SA",2008-12-31,"1.01.05","Relações Interdependências",43936,18806.6090232001
"BANCO DO ESTADO DO RIO GRANDE DO SUL SA",2008-12-31,"1.01.06","Operações de Crédito",5770975,2470240.13355021
"BANCO DO ESTADO DO RIO GRANDE DO SUL SA",2008-12-31,"1.01.07","Operações de Arrendamento Mercantil",45001,19262.4775276089
"BANCO DO ESTADO DO RIO GRANDE DO SUL SA",2008-12-31,"1.01.08","Outros Créditos",1044054,446902.662443284
"BANCO DO ESTADO DO RIO GRANDE DO SUL SA",2008-12-31,"1.01.09","Outros Valores e Bens",6044,2587.10726821334
"BANCO DO ESTADO DO RIO GRANDE DO SUL SA",2008-12-31,"1.02","Ativo Realizável a Longo Prazo",8464826,3623331.05042377
"BANCO DO ESTADO DO RIO GRANDE DO SUL SA",2008-12-31,"1.02.01","Aplicações Interfinanceiras de Liquidez",0,0
"BANCO DO ESTADO DO RIO GRANDE DO SUL SA",2008-12-31,"1.02.02","Títulos e Valores Mobiliários",3097472,1325859.0874069
"BANCO DO ESTADO DO RIO GRANDE DO SUL SA",2008-12-31,"1.02.03","Relações Interfinanceiras",382057,163537.796421539
"BANCO DO ESTADO DO RIO GRANDE DO SUL SA",2008-12-31,"1.02.04","Relações Interdependências",0,0
"BANCO DO ESTADO DO RIO GRANDE DO SUL SA",2008-12-31,"1.02.05","Operações de Crédito",4185375,1791531.11891105
"BANCO DO ESTADO DO RIO GRANDE DO SUL SA",2008-12-31,"1.02.06","Operações de Arrendamento Mercantil",57194,24481.6368461604
"BANCO DO ESTADO DO RIO GRANDE DO SUL SA",2008-12-31,"1.02.07","Outros Créditos",725285,310455.012413321
"BANCO DO ESTADO DO RIO GRANDE DO SUL SA",2008-12-31,"1.02.08","Outros Valores e Bens",17443,7466.3984247924
"BANCO DO ESTADO DO RIO GRANDE DO SUL SA",2008-12-31,"1.03","Ativo Permanente",629603,269498.758667922
"BANCO DO ESTADO DO RIO GRANDE DO SUL SA",2008-12-31,"1.03.01","Investimentos",278688,119291.15657906
"BANCO DO ESTADO DO RIO GRANDE DO SUL SA",2008-12-31,"1.03.02","Imobilizado de Uso",146676,62784.0082184745
"BANCO DO ESTADO DO RIO GRANDE DO SUL SA",2008-12-31,"1.03.03","Imobilizado de Arrendamento",0,0
"BANCO DO ESTADO DO RIO GRANDE DO SUL SA",2008-12-31,"1.03.04","Intangível",204239,87423.5938703878
"BANCO DO ESTADO DO RIO GRANDE DO SUL SA",2008-12-31,"1.03.05","Diferido",0,0
"BANCO DO ESTADO DO RIO GRANDE DO SUL SA",2007-12-31,"1","Ativo Total",20651042,11663960.463146
"BANCO DO ESTADO DO RIO GRANDE DO SUL SA",2007-12-31,"1.01","Ativo Circulante",12300994,6947751.48263203
"BANCO DO ESTADO DO RIO GRANDE DO SUL SA",2007-12-31,"1.01.01","Disponibilidades",347304,196161.536289184
"BANCO DO ESTADO DO RIO GRANDE DO SUL SA",2007-12-31,"1.01.02","Aplicações Interfinanceiras de Liquidez",3682417,2079874.04687941
"BANCO DO ESTADO DO RIO GRANDE DO SUL SA",2007-12-31,"1.01.03","Títulos e Valores Mobiliários",1002425,566181.869528382
"BANCO DO ESTADO DO RIO GRANDE DO SUL SA",2007-12-31,"1.01.04","Relações Interfinanceiras",2333859,1318192.03614798
"BANCO DO ESTADO DO RIO GRANDE DO SUL SA",2007-12-31,"1.01.05","Relações Interdependências",50390,28460.8867551539
"BANCO DO ESTADO DO RIO GRANDE DO SUL SA",2007-12-31,"1.01.06","Operações de Crédito",4000069,2259287.77181587
"BANCO DO ESTADO DO RIO GRANDE DO SUL SA",2007-12-31,"1.01.07","Operações de Arrendamento Mercantil",-1573,-888.449590511155
"BANCO DO ESTADO DO RIO GRANDE DO SUL SA",2007-12-31,"1.01.08","Outros Créditos",827629,467454.956227055
"BANCO DO ESTADO DO RIO GRANDE DO SUL SA",2007-12-31,"1.01.09","Outros Valores e Bens",58474,33026.8285794973
"BANCO DO ESTADO DO RIO GRANDE DO SUL SA",2007-12-31,"1.02","Ativo Realizável a Longo Prazo",7901489,4462857.38491951
"BANCO DO ESTADO DO RIO GRANDE DO SUL SA",2007-12-31,"1.02.01","Aplicações Interfinanceiras de Liquidez",0,0
"BANCO DO ESTADO DO RIO GRANDE DO SUL SA",2007-12-31,"1.02.02","Títulos e Valores Mobiliários",4145912,2341661.67749223
"BANCO DO ESTADO DO RIO GRANDE DO SUL SA",2007-12-31,"1.02.03","Relações Interfinanceiras",324633,183356.678904264
"BANCO DO ESTADO DO RIO GRANDE DO SUL SA",2007-12-31,"1.02.04","Relações Interdependências",0,0
"BANCO DO ESTADO DO RIO GRANDE DO SUL SA",2007-12-31,"1.02.05","Operações de Crédito",2768000,1563400.16944366
"BANCO DO ESTADO DO RIO GRANDE DO SUL SA",2007-12-31,"1.02.06","Operações de Arrendamento Mercantil",-1703,-961.875176503813
"BANCO DO ESTADO DO RIO GRANDE DO SUL SA",2007-12-31,"1.02.07","Outros Créditos",500655,282776.051962722
"BANCO DO ESTADO DO RIO GRANDE DO SUL SA",2007-12-31,"1.02.08","Outros Valores e Bens",163992,92624.6822931375
"BANCO DO ESTADO DO RIO GRANDE DO SUL SA",2007-12-31,"1.03","Ativo Permanente",448559,253351.595594465
"BANCO DO ESTADO DO RIO GRANDE DO SUL SA",2007-12-31,"1.03.01","Investimentos",256671,144970.912171703
"BANCO DO ESTADO DO RIO GRANDE DO SUL SA",2007-12-31,"1.03.02","Imobilizado de Uso",104735,59155.6057610844
"BANCO DO ESTADO DO RIO GRANDE DO SUL SA",2007-12-31,"1.03.03","Imobilizado de Arrendamento",65319,36892.9680881107
"BANCO DO ESTADO DO RIO GRANDE DO SUL SA",2007-12-31,"1.03.04","Intangível",0,0
"BANCO DO ESTADO DO RIO GRANDE DO SUL SA",2007-12-31,"1.03.05","Diferido",21834,12332.1095735668
"BANCO DO ESTADO DO RIO GRANDE DO SUL SA",2006-12-31,"1","Ativo Total",15721683,7356205.78326783
"BANCO DO ESTADO DO RIO GRANDE DO SUL SA",2006-12-31,"1.01","Ativo Circulante",8555598,4003180.79730488
"BANCO DO ESTADO DO RIO GRANDE DO SUL SA",2006-12-31,"1.01.01","Disponibilidades",261756,122476.137001684
"BANCO DO ESTADO DO RIO GRANDE DO SUL SA",2006-12-31,"1.01.02","Aplicações Interfinanceiras de Liquidez",2576180,1205399.5882463
"BANCO DO ESTADO DO RIO GRANDE DO SUL SA",2006-12-31,"1.01.03","Títulos e Valores Mobiliários",149161,69792.7194460041
"BANCO DO ESTADO DO RIO GRANDE DO SUL SA",2006-12-31,"1.01.04","Relações Interfinanceiras",1679031,785621.841661988
"BANCO DO ESTADO DO RIO GRANDE DO SUL SA",2006-12-31,"1.01.05","Relações Interdependências",36386,17025.0795433277
"BANCO DO ESTADO DO RIO GRANDE DO SUL SA",2006-12-31,"1.01.06","Operações de Crédito",3482835,1629625.21055587
"BANCO DO ESTADO DO RIO GRANDE DO SUL SA",2006-12-31,"1.01.07","Operações de Arrendamento Mercantil",-1878,-878.71982032566
"BANCO DO ESTADO DO RIO GRANDE DO SUL SA",2006-12-31,"1.01.08","Outros Créditos",361980,169371.139809096
"BANCO DO ESTADO DO RIO GRANDE DO SUL SA",2006-12-31,"1.01.09","Outros Valores e Bens",10147,4747.80086093955
"BANCO DO ESTADO DO RIO GRANDE DO SUL SA",2006-12-31,"1.02","Ativo Realizável a Longo Prazo",6753524,3159986.89874602
"BANCO DO ESTADO DO RIO GRANDE DO SUL SA",2006-12-31,"1.02.01","Aplicações Interfinanceiras de Liquidez",0,0
"BANCO DO ESTADO DO RIO GRANDE DO SUL SA",2006-12-31,"1.02.02","Títulos e Valores Mobiliários",4383247,2050929.72113045
"BANCO DO ESTADO DO RIO GRANDE DO SUL SA",2006-12-31,"1.02.03","Relações Interfinanceiras",394105,184402.489238256
"BANCO DO ESTADO DO RIO GRANDE DO SUL SA",2006-12-31,"1.02.04","Relações Interdependências",0,0
"BANCO DO ESTADO DO RIO GRANDE DO SUL SA",2006-12-31,"1.02.05","Operações de Crédito",1738563,813476.979225154
"BANCO DO ESTADO DO RIO GRANDE DO SUL SA",2006-12-31,"1.02.06","Operações de Arrendamento Mercantil",-1366,-639.154033314617
"BANCO DO ESTADO DO RIO GRANDE DO SUL SA",2006-12-31,"1.02.07","Outros Créditos",230673,107932.341381246
"BANCO DO ESTADO DO RIO GRANDE DO SUL SA",2006-12-31,"1.02.08","Outros Valores e Bens",8302,3884.52180422983
"BANCO DO ESTADO DO RIO GRANDE DO SUL SA",2006-12-31,"1.03","Ativo Permanente",412561,193038.087216919
"BANCO DO ESTADO DO RIO GRANDE DO SUL SA",2006-12-31,"1.03.01","Investimentos",217114,101588.059142804
"BANCO DO ESTADO DO RIO GRANDE DO SUL SA",2006-12-31,"1.03.02","Imobilizado de Uso",104673,48976.6984839978
"BANCO DO ESTADO DO RIO GRANDE DO SUL SA",2006-12-31,"1.03.03","Imobilizado de Arrendamento",63988,29940.1085532472
"BANCO DO ESTADO DO RIO GRANDE DO SUL SA",2006-12-31,"1.03.04","Intangível",0,0
"BANCO DO ESTADO DO RIO GRANDE DO SUL SA",2006-12-31,"1.03.05","Diferido",26786,12533.2210368707
"PETRÓLEO BRASILEIRO  S.A.  - PETROBRAS",2008-12-31,"1","Ativo Total",311010867,133126815.769198
"PETRÓLEO BRASILEIRO  S.A.  - PETROBRAS",2008-12-31,"1.01","Ativo Circulante",51256607,21940162.2292612
"PETRÓLEO BRASILEIRO  S.A.  - PETROBRAS",2008-12-31,"1.01.01","Disponibilidades",11268314,4823351.59660988
"PETRÓLEO BRASILEIRO  S.A.  - PETROBRAS",2008-12-31,"1.01.02","Créditos",17370050,7435172.50235425
"PETRÓLEO BRASILEIRO  S.A.  - PETROBRAS",2008-12-31,"1.01.03","Estoques",13847969,5927561.42453557
"PETRÓLEO BRASILEIRO  S.A.  - PETROBRAS",2008-12-31,"1.01.04","Outros",8770274,3754076.70576149
"PETRÓLEO BRASILEIRO  S.A.  - PETROBRAS",2008-12-31,"1.02","Ativo Não Circulante",259754260,111186653.539937
"PETRÓLEO BRASILEIRO  S.A.  - PETROBRAS",2008-12-31,"1.02.01","Ativo Realizável a Longo Prazo",107619248,46065939.5599692
"PETRÓLEO BRASILEIRO  S.A.  - PETROBRAS",2008-12-31,"1.02.02","Ativo Permanente",152135012,65120713.9799675
"PETRÓLEO BRASILEIRO  S.A.  - PETROBRAS",2007-12-31,"1","Ativo Total",211233010,119306981.078791
"PETRÓLEO BRASILEIRO  S.A.  - PETROBRAS",2007-12-31,"1.01","Ativo Circulante",40154095,22679522.733691
"PETRÓLEO BRASILEIRO  S.A.  - PETROBRAS",2007-12-31,"1.01.01","Disponibilidades",7847949,4432617.33973454
"PETRÓLEO BRASILEIRO  S.A.  - PETROBRAS",2007-12-31,"1.01.02","Créditos",12036476,6798348.48912736
"PETRÓLEO BRASILEIRO  S.A.  - PETROBRAS",2007-12-31,"1.01.03","Estoques",12800138,7229674.10336063
"PETRÓLEO BRASILEIRO  S.A.  - PETROBRAS",2007-12-31,"1.01.04","Outros",7469532,4218882.80146851
"PETRÓLEO BRASILEIRO  S.A.  - PETROBRAS",2007-12-31,"1.02","Ativo Não Circulante",171078915,96627458.3451003
"PETRÓLEO BRASILEIRO  S.A.  - PETROBRAS",2007-12-31,"1.02.01","Ativo Realizável a Longo Prazo",63949619,36119524.9929398
"PETRÓLEO BRASILEIRO  S.A.  - PETROBRAS",2007-12-31,"1.02.02","Ativo Permanente",107129296,60507933.3521604
"PETRÓLEO BRASILEIRO  S.A.  - PETROBRAS",2006-12-31,"1","Ativo Total",179614554,84041996.0696238
"PETRÓLEO BRASILEIRO  S.A.  - PETROBRAS",2006-12-31,"1.01","Ativo Circulante",49443798,23134848.3997754
"PETRÓLEO BRASILEIRO  S.A.  - PETROBRAS",2006-12-31,"1.01.01","Disponibilidades",20098892,9404310.31255849
"PETRÓLEO BRASILEIRO  S.A.  - PETROBRAS",2006-12-31,"1.01.02","Créditos",10376356,4855116.97548194
"PETRÓLEO BRASILEIRO  S.A.  - PETROBRAS",2006-12-31,"1.01.03","Estoques",12968740,6068098.4465656
"PETRÓLEO BRASILEIRO  S.A.  - PETROBRAS",2006-12-31,"1.01.04","Outros",5999810,2807322.66516938
"PETRÓLEO BRASILEIRO  S.A.  - PETROBRAS",2006-12-31,"1.02","Ativo Não Circulante",130170756,60907147.6698484
"PETRÓLEO BRASILEIRO  S.A.  - PETROBRAS",2006-12-31,"1.02.01","Ativo Realizável a Longo Prazo",45184676,21141997.0054277
"PETRÓLEO BRASILEIRO  S.A.  - PETROBRAS",2006-12-31,"1.02.02","Ativo Permanente",84986080,39765150.6644207
"PETRÓLEO BRASILEIRO  S.A.  - PETROBRAS",2005-12-31,"1","Ativo Total",154013146,65820396.5981452
"PETRÓLEO BRASILEIRO  S.A.  - PETROBRAS",2005-12-31,"1.01","Ativo Circulante",44694731,19101128.6807128
"PETRÓLEO BRASILEIRO  S.A.  - PETROBRAS",2005-12-31,"1.01.01","Disponibilidades",17481555,7471069.27646481
"PETRÓLEO BRASILEIRO  S.A.  - PETROBRAS",2005-12-31,"1.01.02","Créditos",10676578,4562835.16389589
"PETRÓLEO BRASILEIRO  S.A.  - PETROBRAS",2005-12-31,"1.01.03","Estoques",10337565,4417951.62186418
"PETRÓLEO BRASILEIRO  S.A.  - PETROBRAS",2005-12-31,"1.01.04","Outros",6199033,2649272.61848797
"PETRÓLEO BRASILEIRO  S.A.  - PETROBRAS",2005-12-31,"1.02","Ativo Não Circulante",37601550,16069725.2019317
"PETRÓLEO BRASILEIRO  S.A.  - PETROBRAS",2005-12-31,"1.02.01","Ativo Realizável a Longo Prazo",778600,332749.262789008
"PETRÓLEO BRASILEIRO  S.A.  - PETROBRAS",2005-12-31,"1.02.02","Ativo Permanente",28151479,12031060.729091
"PETRÓLEO BRASILEIRO  S.A.  - PETROBRAS",2005-12-31,"1.02.03","Outros",8671471,3705915.21005171
"PETRÓLEO BRASILEIRO  S.A.  - PETROBRAS",2005-12-31,"1.03","Ativo Permanente",71716865,30649542.7155007
"PETRÓLEO BRASILEIRO  S.A.  - PETROBRAS",2005-12-31,"1.03.01","Investimentos",20366625,8704057.86572076
"PETRÓLEO BRASILEIRO  S.A.  - PETROBRAS",2005-12-31,"1.03.02","Imobilizado",50772065,21698390.9568785
"PETRÓLEO BRASILEIRO  S.A.  - PETROBRAS",2005-12-31,"1.03.03","Diferido",578175,247093.892901406
