"acc.desc","acc.value","acc.number","company.name","ref.date","acc.value.infl.adj"
"Caixa Líquido Atividades Operacionais",55775744,"6.01","PETRÓLEO BRASILEIRO  S.A.  - PETROBRAS",2008-12-31,23874558.6850441
"Caixa Gerado nas Operações",28513029,"6.01.01","PETRÓLEO BRASILEIRO  S.A.  - PETROBRAS",2008-12-31,12204875.0107011
"Variações nos Ativos e Passivos",26488274,"6.01.02","PETRÓLEO BRASILEIRO  S.A.  - PETROBRAS",2008-12-31,11338187.6551665
"Outros",774441,"6.01.03","PETRÓLEO BRASILEIRO  S.A.  - PETROBRAS",2008-12-31,331496.01917644
"Caixa Líquido Atividades de Investimento",-35154628,"6.02","PETRÓLEO BRASILEIRO  S.A.  - PETROBRAS",2008-12-31,-15047781.8679908
"Investimentos nos Segmentos de Negócio",-33748861,"6.02.01","PETRÓLEO BRASILEIRO  S.A.  - PETROBRAS",2008-12-31,-14446049.567674
"Investimentos em Títulos e Valores Mobil",-95543,"6.02.02","PETRÓLEO BRASILEIRO  S.A.  - PETROBRAS",2008-12-31,-40896.7554147761
"Outros investimentos",-1256367,"6.02.03","PETRÓLEO BRASILEIRO  S.A.  - PETROBRAS",2008-12-31,-537782.296036298
"Dividendos Recebidos",1272481,"6.02.04","PETRÓLEO BRASILEIRO  S.A.  - PETROBRAS",2008-12-31,544679.821933054
"Empreendimentos em Negociação",-1326338,"6.02.05","PETRÓLEO BRASILEIRO  S.A.  - PETROBRAS",2008-12-31,-567733.070798733
"Caixa Líquido Atividades Financiamento",-17200751,"6.03","PETRÓLEO BRASILEIRO  S.A.  - PETROBRAS",2008-12-31,-7362704.81979283
"Financiamentos e Operações de Mútuo, Liq",-14774380,"6.03.01","PETRÓLEO BRASILEIRO  S.A.  - PETROBRAS",2008-12-31,-6324107.52504066
"Fundo Inv. em Direito Cred. Não-Padron.",3786197,"6.03.02","PETRÓLEO BRASILEIRO  S.A.  - PETROBRAS",2008-12-31,1620664.7547299
"Dividendos Pagos a Acionistas",-6212568,"6.03.03","PETRÓLEO BRASILEIRO  S.A.  - PETROBRAS",2008-12-31,-2659262.04948207
"Variação Cambial s/ Caixa e Equivalentes",0,"6.04","PETRÓLEO BRASILEIRO  S.A.  - PETROBRAS",2008-12-31,0
"Aumento(Redução) de Caixa e Equivalentes",3420365,"6.05","PETRÓLEO BRASILEIRO  S.A.  - PETROBRAS",2008-12-31,1464071.99726051
"Saldo Inicial de Caixa e Equivalentes",7847949,"6.05.01","PETRÓLEO BRASILEIRO  S.A.  - PETROBRAS",2008-12-31,3359279.59934937
"Saldo Final de Caixa e Equivalentes",11268314,"6.05.02","PETRÓLEO BRASILEIRO  S.A.  - PETROBRAS",2008-12-31,4823351.59660988
