"company.name","ref.date","acc.number","acc.desc","acc.value","acc.value.infl.adj"
"BANCO DO ESTADO DO RIO GRANDE DO SUL SA",2008-12-31,"3.01","Receitas da Intermediação Financeira",3870493,1656747.2819108
"BANCO DO ESTADO DO RIO GRANDE DO SUL SA",2008-12-31,"3.01.01","Operações de Crédito",2336380,1000077.04819793
"BANCO DO ESTADO DO RIO GRANDE DO SUL SA",2008-12-31,"3.01.02","Operações de Arrendamento Mercantil",16192,6930.91344919099
"BANCO DO ESTADO DO RIO GRANDE DO SUL SA",2008-12-31,"3.01.03","Result de Op com Tít. e Val. Mobiliários",989818,423687.184316411
"BANCO DO ESTADO DO RIO GRANDE DO SUL SA",2008-12-31,"3.01.04","Result. com Instrum. Financ. Derivativos",0,0
"BANCO DO ESTADO DO RIO GRANDE DO SUL SA",2008-12-31,"3.01.05","Resultado de Operações de Câmbio",217719,93193.6478041264
"BANCO DO ESTADO DO RIO GRANDE DO SUL SA",2008-12-31,"3.01.06","Resultado das Aplicações Compulsórias",310384,132858.488143138
"BANCO DO ESTADO DO RIO GRANDE DO SUL SA",2008-12-31,"3.02","Despesas da Intermediação Financeira",-2176116,-931476.757126958
"BANCO DO ESTADO DO RIO GRANDE DO SUL SA",2008-12-31,"3.02.01","Operações de Captação no Mercado",-1420123,-607877.322147076
"BANCO DO ESTADO DO RIO GRANDE DO SUL SA",2008-12-31,"3.02.02","Oper. de Empréstimos Cessões e Repasses",-482146,-206380.446879548
"BANCO DO ESTADO DO RIO GRANDE DO SUL SA",2008-12-31,"3.02.03","Resul. com Instrum. Financ. Derivativos",-17548,-7511.34320691722
"BANCO DO ESTADO DO RIO GRANDE DO SUL SA",2008-12-31,"3.02.04","Provisão para Operações de Crédito",-256299,-109707.644893417
"BANCO DO ESTADO DO RIO GRANDE DO SUL SA",2008-12-31,"3.03","Resultado Bruto Intermediação Financeira",1694377,725270.524783837
"BANCO DO ESTADO DO RIO GRANDE DO SUL SA",2008-12-31,"3.04","Outras Despesas/Receitas Operacionais",-1006865,-430984.076705762
"BANCO DO ESTADO DO RIO GRANDE DO SUL SA",2008-12-31,"3.04.01","Receitas de Prestação de Serviços",499291,213719.287732215
"BANCO DO ESTADO DO RIO GRANDE DO SUL SA",2008-12-31,"3.04.02","Despesas de Pessoal",-830099,-355320.178066946
"BANCO DO ESTADO DO RIO GRANDE DO SUL SA",2008-12-31,"3.04.03","Outras Despesas Administrativas",-567549,-242936.820477699
"BANCO DO ESTADO DO RIO GRANDE DO SUL SA",2008-12-31,"3.04.04","Despesas Tributárias",-147433,-63108.0386953172
"BANCO DO ESTADO DO RIO GRANDE DO SUL SA",2008-12-31,"3.04.05","Outras Receitas Operacionais",194983,83461.6043146991
"BANCO DO ESTADO DO RIO GRANDE DO SUL SA",2008-12-31,"3.04.06","Outras Despesas Operacionais",-186210,-79706.3607567845
"BANCO DO ESTADO DO RIO GRANDE DO SUL SA",2008-12-31,"3.04.07","Resultado da Equivalência Patrimonial",30152,12906.4292440716
"BANCO DO ESTADO DO RIO GRANDE DO SUL SA",2008-12-31,"3.05","Resultado Operacional",687512,294286.448078076
"BANCO DO ESTADO DO RIO GRANDE DO SUL SA",2008-12-31,"3.06","Resultado Não Operacional",0,0
"BANCO DO ESTADO DO RIO GRANDE DO SUL SA",2008-12-31,"3.06.01","Receitas",0,0
"BANCO DO ESTADO DO RIO GRANDE DO SUL SA",2008-12-31,"3.06.02","Despesas",0,0
"BANCO DO ESTADO DO RIO GRANDE DO SUL SA",2008-12-31,"3.07","Resultado Antes Tributação/Participações",687512,294286.448078076
"BANCO DO ESTADO DO RIO GRANDE DO SUL SA",2008-12-31,"3.08","Provisão para IR e Contribuição Social",-100241,-42907.7133807037
"BANCO DO ESTADO DO RIO GRANDE DO SUL SA",2008-12-31,"3.09","IR Diferido",33582,14374.625460149
"BANCO DO ESTADO DO RIO GRANDE DO SUL SA",2008-12-31,"3.10","Participações/Contribuições Estatutárias",-29980,-12832.8054104957
"BANCO DO ESTADO DO RIO GRANDE DO SUL SA",2008-12-31,"3.10.01","Participações",0,0
"BANCO DO ESTADO DO RIO GRANDE DO SUL SA",2008-12-31,"3.10.02","Contribuições",0,0
"BANCO DO ESTADO DO RIO GRANDE DO SUL SA",2008-12-31,"3.11","Reversão dos Juros sobre Capital Próprio",0,0
"BANCO DO ESTADO DO RIO GRANDE DO SUL SA",2008-12-31,"3.13","Lucro/Prejuízo do Período",590873,252920.554747025
"BANCO DO ESTADO DO RIO GRANDE DO SUL SA",2007-12-31,"3.01","Receitas da Intermediação Financeira",2868959,1620423.04433776
"BANCO DO ESTADO DO RIO GRANDE DO SUL SA",2007-12-31,"3.01.01","Operações de Crédito",1679934,948847.218299915
"BANCO DO ESTADO DO RIO GRANDE DO SUL SA",2007-12-31,"3.01.02","Operações de Arrendamento Mercantil",30421,17182.1519344818
"BANCO DO ESTADO DO RIO GRANDE DO SUL SA",2007-12-31,"3.01.03","Result de Op com Tít. e Val. Mobiliários",812843,459103.64303869
"BANCO DO ESTADO DO RIO GRANDE DO SUL SA",2007-12-31,"3.01.04","Result. com Instrum. Financ. Derivativos",50607,28583.4510025417
"BANCO DO ESTADO DO RIO GRANDE DO SUL SA",2007-12-31,"3.01.05","Resultado de Operações de Câmbio",285098,161026.828579497
"BANCO DO ESTADO DO RIO GRANDE DO SUL SA",2007-12-31,"3.01.06","Resultado das Aplicações Compulsórias",10056,5679.75148263202
"BANCO DO ESTADO DO RIO GRANDE DO SUL SA",2007-12-31,"3.02","Despesas da Intermediação Financeira",-1501752,-848207.850889579
"BANCO DO ESTADO DO RIO GRANDE DO SUL SA",2007-12-31,"3.02.01","Operações de Captação no Mercado",-1104621,-623903.41711381
"BANCO DO ESTADO DO RIO GRANDE DO SUL SA",2007-12-31,"3.02.02","Oper. de Empréstimos Cessões e Repasses",-138412,-78176.7862185823
"BANCO DO ESTADO DO RIO GRANDE DO SUL SA",2007-12-31,"3.02.03","Resul. com Instrum. Financ. Derivativos",-20691,-11686.5292290313
"BANCO DO ESTADO DO RIO GRANDE DO SUL SA",2007-12-31,"3.02.04","Provisão para Operações de Crédito",-238028,-134441.118328156
"BANCO DO ESTADO DO RIO GRANDE DO SUL SA",2007-12-31,"3.02.05","Instrumentos Financeiros Derivativos",0,0
"BANCO DO ESTADO DO RIO GRANDE DO SUL SA",2007-12-31,"3.03","Resultado Bruto Intermediação Financeira",1367207,772215.193448178
"BANCO DO ESTADO DO RIO GRANDE DO SUL SA",2007-12-31,"3.04","Outras Despesas/Receitas Operacionais",-763796,-431401.29906806
"BANCO DO ESTADO DO RIO GRANDE DO SUL SA",2007-12-31,"3.04.01","Receitas de Prestação de Serviços",474554,268033.888731997
"BANCO DO ESTADO DO RIO GRANDE DO SUL SA",2007-12-31,"3.04.02","Despesas de Pessoal",-734383,-414788.477831121
"BANCO DO ESTADO DO RIO GRANDE DO SUL SA",2007-12-31,"3.04.03","Outras Despesas Administrativas",-508159,-287014.402711099
"BANCO DO ESTADO DO RIO GRANDE DO SUL SA",2007-12-31,"3.04.04","Despesas Tributárias",-141762,-80068.9070883931
"BANCO DO ESTADO DO RIO GRANDE DO SUL SA",2007-12-31,"3.04.05","Outras Receitas Operacionais",248634,140431.516520757
"BANCO DO ESTADO DO RIO GRANDE DO SUL SA",2007-12-31,"3.04.06","Outras Despesas Operacionais",-146618,-82811.6351313188
"BANCO DO ESTADO DO RIO GRANDE DO SUL SA",2007-12-31,"3.04.07","Resultado da Equivalência Patrimonial",43938,24816.7184411183
"BANCO DO ESTADO DO RIO GRANDE DO SUL SA",2007-12-31,"3.05","Resultado Operacional",603411,340813.894380119
"BANCO DO ESTADO DO RIO GRANDE DO SUL SA",2007-12-31,"3.06","Resultado Não Operacional",7184,4057.61084439424
"BANCO DO ESTADO DO RIO GRANDE DO SUL SA",2007-12-31,"3.06.01","Receitas",15632,8829.14430951709
"BANCO DO ESTADO DO RIO GRANDE DO SUL SA",2007-12-31,"3.06.02","Despesas",-8448,-4771.53346512285
"BANCO DO ESTADO DO RIO GRANDE DO SUL SA",2007-12-31,"3.07","Resultado Antes Tributação/Participações",610595,344871.505224513
"BANCO DO ESTADO DO RIO GRANDE DO SUL SA",2007-12-31,"3.08","Provisão para IR e Contribuição Social",-128626,-72649.5340299351
"BANCO DO ESTADO DO RIO GRANDE DO SUL SA",2007-12-31,"3.09","IR Diferido",496626,280500.42360915
"BANCO DO ESTADO DO RIO GRANDE DO SUL SA",2007-12-31,"3.10","Participações/Contribuições Estatutárias",-62214,-35139.2262072861
"BANCO DO ESTADO DO RIO GRANDE DO SUL SA",2007-12-31,"3.10.01","Participações",0,0
"BANCO DO ESTADO DO RIO GRANDE DO SUL SA",2007-12-31,"3.10.02","Contribuições",0,0
"BANCO DO ESTADO DO RIO GRANDE DO SUL SA",2007-12-31,"3.11","Reversão dos Juros sobre Capital Próprio",0,0
"BANCO DO ESTADO DO RIO GRANDE DO SUL SA",2007-12-31,"3.13","Lucro/Prejuízo do Período",916381,517583.168596442
"BANCO DO ESTADO DO RIO GRANDE DO SUL SA",2006-12-31,"3.01","Receitas da Intermediação Financeira",3296419,1542400.80479132
"BANCO DO ESTADO DO RIO GRANDE DO SUL SA",2006-12-31,"3.01.01","Operações de Crédito",1618343,757225.809470335
"BANCO DO ESTADO DO RIO GRANDE DO SUL SA",2006-12-31,"3.01.02","Operações de Arrendamento Mercantil",29122,13626.2399401086
"BANCO DO ESTADO DO RIO GRANDE DO SUL SA",2006-12-31,"3.01.03","Result de Op com Tít. e Val. Mobiliários",823263,385206.34475014
"BANCO DO ESTADO DO RIO GRANDE DO SUL SA",2006-12-31,"3.01.04","Result. com Instrum. Financ. Derivativos",425588,199133.445629796
"BANCO DO ESTADO DO RIO GRANDE DO SUL SA",2006-12-31,"3.01.05","Resultado de Operações de Câmbio",406251,190085.626052779
"BANCO DO ESTADO DO RIO GRANDE DO SUL SA",2006-12-31,"3.01.06","Resultado das Aplicações Compulsórias",-6148,-2876.66105184353
"BANCO DO ESTADO DO RIO GRANDE DO SUL SA",2006-12-31,"3.02","Despesas da Intermediação Financeira",-1549901,-725201.665730863
"BANCO DO ESTADO DO RIO GRANDE DO SUL SA",2006-12-31,"3.02.01","Operações de Captação no Mercado",-1145175,-535829.590117911
"BANCO DO ESTADO DO RIO GRANDE DO SUL SA",2006-12-31,"3.02.02","Oper. de Empréstimos Cessões e Repasses",-143773,-67271.6638592551
"BANCO DO ESTADO DO RIO GRANDE DO SUL SA",2006-12-31,"3.02.03","Resul. com Instrum. Financ. Derivativos",-19878,-9300.95451993262
"BANCO DO ESTADO DO RIO GRANDE DO SUL SA",2006-12-31,"3.02.04","Provisão para Operações de Crédito",-241075,-112799.457233764
"BANCO DO ESTADO DO RIO GRANDE DO SUL SA",2006-12-31,"3.03","Resultado Bruto Intermediação Financeira",1746518,817199.139060453
"BANCO DO ESTADO DO RIO GRANDE DO SUL SA",2006-12-31,"3.04","Outras Despesas/Receitas Operacionais",-1197451,-560289.631293281
"BANCO DO ESTADO DO RIO GRANDE DO SUL SA",2006-12-31,"3.04.01","Receitas de Prestação de Serviços",481665,225371.982032566
"BANCO DO ESTADO DO RIO GRANDE DO SUL SA",2006-12-31,"3.04.02","Despesas de Pessoal",-695509,-325430.001871608
"BANCO DO ESTADO DO RIO GRANDE DO SUL SA",2006-12-31,"3.04.03","Outras Despesas Administrativas",-493550,-230932.996443945
"BANCO DO ESTADO DO RIO GRANDE DO SUL SA",2006-12-31,"3.04.04","Despesas Tributárias",-171029,-80024.7988021711
"BANCO DO ESTADO DO RIO GRANDE DO SUL SA",2006-12-31,"3.04.05","Outras Receitas Operacionais",207983,97315.6466404642
"BANCO DO ESTADO DO RIO GRANDE DO SUL SA",2006-12-31,"3.04.06","Outras Despesas Operacionais",-553327,-258902.769979412
"BANCO DO ESTADO DO RIO GRANDE DO SUL SA",2006-12-31,"3.04.07","Resultado da Equivalência Patrimonial",26316,12313.3071308254
"BANCO DO ESTADO DO RIO GRANDE DO SUL SA",2006-12-31,"3.05","Resultado Operacional",549067,256909.507767172
"BANCO DO ESTADO DO RIO GRANDE DO SUL SA",2006-12-31,"3.06","Resultado Não Operacional",259,121.186599288789
"BANCO DO ESTADO DO RIO GRANDE DO SUL SA",2006-12-31,"3.06.01","Receitas",6434,3010.48100318173
"BANCO DO ESTADO DO RIO GRANDE DO SUL SA",2006-12-31,"3.06.02","Despesas",-6175,-2889.29440389294
"BANCO DO ESTADO DO RIO GRANDE DO SUL SA",2006-12-31,"3.07","Resultado Antes Tributação/Participações",549326,257030.694366461
"BANCO DO ESTADO DO RIO GRANDE DO SUL SA",2006-12-31,"3.08","Provisão para IR e Contribuição Social",-162155,-75872.6370952648
"BANCO DO ESTADO DO RIO GRANDE DO SUL SA",2006-12-31,"3.09","IR Diferido",0,0
"BANCO DO ESTADO DO RIO GRANDE DO SUL SA",2006-12-31,"3.10","Participações/Contribuições Estatutárias",-25512,-11937.1139809096
"BANCO DO ESTADO DO RIO GRANDE DO SUL SA",2006-12-31,"3.10.01","Participações",0,0
"BANCO DO ESTADO DO RIO GRANDE DO SUL SA",2006-12-31,"3.10.02","Contribuições",0,0
"BANCO DO ESTADO DO RIO GRANDE DO SUL SA",2006-12-31,"3.11","Reversão dos Juros sobre Capital Próprio",0,0
"BANCO DO ESTADO DO RIO GRANDE DO SUL SA",2006-12-31,"3.13","Lucro/Prejuízo do Período",361659,169220.943290286
"PETRÓLEO BRASILEIRO  S.A.  - PETROBRAS",2008-12-31,"3.01","Receita Bruta de Vendas e/ou Serviços",207990449,89029384.8985532
"PETRÓLEO BRASILEIRO  S.A.  - PETROBRAS",2008-12-31,"3.02","Deduções da Receita Bruta",-46280943,-19810351.4253917
"PETRÓLEO BRASILEIRO  S.A.  - PETROBRAS",2008-12-31,"3.03","Receita Líquida de Vendas e/ou Serviços",161709506,69219033.4731615
"PETRÓLEO BRASILEIRO  S.A.  - PETROBRAS",2008-12-31,"3.04","Custo de Bens e/ou Serviços Vendidos",-97343992,-41667662.0152384
"PETRÓLEO BRASILEIRO  S.A.  - PETROBRAS",2008-12-31,"3.05","Resultado Bruto",64365514,27551371.4579231
"PETRÓLEO BRASILEIRO  S.A.  - PETROBRAS",2008-12-31,"3.06","Despesas/Receitas Operacionais",-11873869,-5082556.71603459
"PETRÓLEO BRASILEIRO  S.A.  - PETROBRAS",2008-12-31,"3.06.01","Com Vendas",-6325507,-2707605.08518106
"PETRÓLEO BRASILEIRO  S.A.  - PETROBRAS",2008-12-31,"3.06.02","Gerais e Administrativas",-5017346,-2147652.59823645
"PETRÓLEO BRASILEIRO  S.A.  - PETROBRAS",2008-12-31,"3.06.03","Financeiras",-1059155,-453366.578203921
"PETRÓLEO BRASILEIRO  S.A.  - PETROBRAS",2008-12-31,"3.06.04","Outras Receitas Operacionais",0,0
"PETRÓLEO BRASILEIRO  S.A.  - PETROBRAS",2008-12-31,"3.06.05","Outras Despesas Operacionais",-1724241,-738053.676911223
"PETRÓLEO BRASILEIRO  S.A.  - PETROBRAS",2008-12-31,"3.06.06","Resultado da Equivalência Patrimonial",2252380,964121.222498074
"PETRÓLEO BRASILEIRO  S.A.  - PETROBRAS",2008-12-31,"3.07","Resultado Operacional",52491645,22468814.7418885
"PETRÓLEO BRASILEIRO  S.A.  - PETROBRAS",2008-12-31,"3.08","Resultado Não Operacional",0,0
"PETRÓLEO BRASILEIRO  S.A.  - PETROBRAS",2008-12-31,"3.08.01","Receitas",0,0
"PETRÓLEO BRASILEIRO  S.A.  - PETROBRAS",2008-12-31,"3.08.02","Despesas",0,0
"PETRÓLEO BRASILEIRO  S.A.  - PETROBRAS",2008-12-31,"3.09","Resultado Antes Tributação/Participações",52491645,22468814.7418885
"PETRÓLEO BRASILEIRO  S.A.  - PETROBRAS",2008-12-31,"3.10","Provisão para IR e Contribuição Social",-9147126,-3915386.52512627
"PETRÓLEO BRASILEIRO  S.A.  - PETROBRAS",2008-12-31,"3.11","IR Diferido",-5736892,-2455651.05727249
"PETRÓLEO BRASILEIRO  S.A.  - PETROBRAS",2008-12-31,"3.12","Participações/Contribuições Estatutárias",-1138078,-487149.216676654
"PETRÓLEO BRASILEIRO  S.A.  - PETROBRAS",2008-12-31,"3.12.01","Participações",-1138078,-487149.216676654
"PETRÓLEO BRASILEIRO  S.A.  - PETROBRAS",2008-12-31,"3.12.02","Contribuições",0,0
"PETRÓLEO BRASILEIRO  S.A.  - PETROBRAS",2008-12-31,"3.13","Reversão dos Juros sobre Capital Próprio",0,0
"PETRÓLEO BRASILEIRO  S.A.  - PETROBRAS",2008-12-31,"3.15","Lucro/Prejuízo do Período",36469549,15610627.9428131
"PETRÓLEO BRASILEIRO  S.A.  - PETROBRAS",2007-12-31,"3.01","Receita Bruta de Vendas e/ou Serviços",170244954,96156426.9980232
"PETRÓLEO BRASILEIRO  S.A.  - PETROBRAS",2007-12-31,"3.02","Deduções da Receita Bruta",-43477953,-24556878.2829709
"PETRÓLEO BRASILEIRO  S.A.  - PETROBRAS",2007-12-31,"3.03","Receita Líquida de Vendas e/ou Serviços",126767001,71599548.7150522
"PETRÓLEO BRASILEIRO  S.A.  - PETROBRAS",2007-12-31,"3.04","Custo de Bens e/ou Serviços Vendidos",-70444686,-39788018.0739904
"PETRÓLEO BRASILEIRO  S.A.  - PETROBRAS",2007-12-31,"3.05","Resultado Bruto",56322315,31811530.6410618
"PETRÓLEO BRASILEIRO  S.A.  - PETROBRAS",2007-12-31,"3.06","Despesas/Receitas Operacionais",-23898643,-13498245.1284948
"PETRÓLEO BRASILEIRO  S.A.  - PETROBRAS",2007-12-31,"3.06.01","Com Vendas",-5314132,-3001486.58571025
"PETRÓLEO BRASILEIRO  S.A.  - PETROBRAS",2007-12-31,"3.06.02","Gerais e Administrativas",-4488210,-2534995.7639085
"PETRÓLEO BRASILEIRO  S.A.  - PETROBRAS",2007-12-31,"3.06.03","Financeiras",1678641,948116.916125388
"PETRÓLEO BRASILEIRO  S.A.  - PETROBRAS",2007-12-31,"3.06.04","Outras Receitas Operacionais",0,0
"PETRÓLEO BRASILEIRO  S.A.  - PETROBRAS",2007-12-31,"3.06.05","Outras Despesas Operacionais",-15113361,-8536210.67495058
"PETRÓLEO BRASILEIRO  S.A.  - PETROBRAS",2007-12-31,"3.06.06","Resultado da Equivalência Patrimonial",-661581,-373669.020050833
"PETRÓLEO BRASILEIRO  S.A.  - PETROBRAS",2007-12-31,"3.07","Resultado Operacional",32423672,18313285.5125671
"PETRÓLEO BRASILEIRO  S.A.  - PETROBRAS",2007-12-31,"3.08","Resultado Não Operacional",-340701,-192432.081332957
"PETRÓLEO BRASILEIRO  S.A.  - PETROBRAS",2007-12-31,"3.08.01","Receitas",74691,42186.3880259814
"PETRÓLEO BRASILEIRO  S.A.  - PETROBRAS",2007-12-31,"3.08.02","Despesas",-415392,-234618.469358938
"PETRÓLEO BRASILEIRO  S.A.  - PETROBRAS",2007-12-31,"3.09","Resultado Antes Tributação/Participações",32082971,18120853.4312341
"PETRÓLEO BRASILEIRO  S.A.  - PETROBRAS",2007-12-31,"3.10","Provisão para IR e Contribuição Social",-8590720,-4852143.46229879
"PETRÓLEO BRASILEIRO  S.A.  - PETROBRAS",2007-12-31,"3.11","IR Diferido",-619148,-349702.34397063
"PETRÓLEO BRASILEIRO  S.A.  - PETROBRAS",2007-12-31,"3.12","Participações/Contribuições Estatutárias",-844412,-476934.199378707
"PETRÓLEO BRASILEIRO  S.A.  - PETROBRAS",2007-12-31,"3.12.01","Participações",-844412,-476934.199378707
"PETRÓLEO BRASILEIRO  S.A.  - PETROBRAS",2007-12-31,"3.12.02","Contribuições",0,0
"PETRÓLEO BRASILEIRO  S.A.  - PETROBRAS",2007-12-31,"3.13","Reversão dos Juros sobre Capital Próprio",0,0
"PETRÓLEO BRASILEIRO  S.A.  - PETROBRAS",2007-12-31,"3.15","Lucro/Prejuízo do Período",22028691,12442073.425586
"PETRÓLEO BRASILEIRO  S.A.  - PETROBRAS",2006-12-31,"3.01","Receita Bruta de Vendas e/ou Serviços",162225973,75905845.4987835
"PETRÓLEO BRASILEIRO  S.A.  - PETROBRAS",2006-12-31,"3.02","Deduções da Receita Bruta",-42508173,-19889656.0920831
"PETRÓLEO BRASILEIRO  S.A.  - PETROBRAS",2006-12-31,"3.03","Receita Líquida de Vendas e/ou Serviços",119717800,56016189.4067004
"PETRÓLEO BRASILEIRO  S.A.  - PETROBRAS",2006-12-31,"3.04","Custo de Bens e/ou Serviços Vendidos",-65798449,-30787221.1304511
"PETRÓLEO BRASILEIRO  S.A.  - PETROBRAS",2006-12-31,"3.05","Resultado Bruto",53919351,25228968.2762493
"PETRÓLEO BRASILEIRO  S.A.  - PETROBRAS",2006-12-31,"3.06","Despesas/Receitas Operacionais",-16143792,-7553711.39809096
"PETRÓLEO BRASILEIRO  S.A.  - PETROBRAS",2006-12-31,"3.06.01","Com Vendas",-4975402,-2328000.18716077
"PETRÓLEO BRASILEIRO  S.A.  - PETROBRAS",2006-12-31,"3.06.02","Gerais e Administrativas",-3966866,-1856104.2485495
"PETRÓLEO BRASILEIRO  S.A.  - PETROBRAS",2006-12-31,"3.06.03","Financeiras",812195,380027.606213738
"PETRÓLEO BRASILEIRO  S.A.  - PETROBRAS",2006-12-31,"3.06.04","Outras Receitas Operacionais",0,0
"PETRÓLEO BRASILEIRO  S.A.  - PETROBRAS",2006-12-31,"3.06.05","Outras Despesas Operacionais",-8437714,-3948022.6464533
"PETRÓLEO BRASILEIRO  S.A.  - PETROBRAS",2006-12-31,"3.06.06","Resultado da Equivalência Patrimonial",423995,198388.077858881
"PETRÓLEO BRASILEIRO  S.A.  - PETROBRAS",2006-12-31,"3.07","Resultado Operacional",37775559,17675256.8781583
"PETRÓLEO BRASILEIRO  S.A.  - PETROBRAS",2006-12-31,"3.08","Resultado Não Operacional",-111650,-52241.250233951
"PETRÓLEO BRASILEIRO  S.A.  - PETROBRAS",2006-12-31,"3.08.01","Receitas",1082,506.26988583193
"PETRÓLEO BRASILEIRO  S.A.  - PETROBRAS",2006-12-31,"3.08.02","Despesas",-112732,-52747.5201197829
"PETRÓLEO BRASILEIRO  S.A.  - PETROBRAS",2006-12-31,"3.09","Resultado Antes Tributação/Participações",37663909,17623015.6279244
"PETRÓLEO BRASILEIRO  S.A.  - PETROBRAS",2006-12-31,"3.10","Provisão para IR e Contribuição Social",-9366173,-4382450.40239566
"PETRÓLEO BRASILEIRO  S.A.  - PETROBRAS",2006-12-31,"3.11","IR Diferido",-1241563,-580929.721130451
"PETRÓLEO BRASILEIRO  S.A.  - PETROBRAS",2006-12-31,"3.12","Participações/Contribuições Estatutárias",-993000,-464626.614261651
"PETRÓLEO BRASILEIRO  S.A.  - PETROBRAS",2006-12-31,"3.12.01","Participações",-993000,-464626.614261651
"PETRÓLEO BRASILEIRO  S.A.  - PETROBRAS",2006-12-31,"3.12.02","Contribuições",0,0
"PETRÓLEO BRASILEIRO  S.A.  - PETROBRAS",2006-12-31,"3.13","Reversão dos Juros sobre Capital Próprio",0,0
"PETRÓLEO BRASILEIRO  S.A.  - PETROBRAS",2006-12-31,"3.15","Lucro/Prejuízo do Período",26063173,12195008.8901366
"PETRÓLEO BRASILEIRO  S.A.  - PETROBRAS",2005-12-31,"3.01","Receita Bruta de Vendas e/ou Serviços",143665730,61398234.9673063
"PETRÓLEO BRASILEIRO  S.A.  - PETROBRAS",2005-12-31,"3.02","Deduções da Receita Bruta",-37843204,-16173000.5555793
"PETRÓLEO BRASILEIRO  S.A.  - PETROBRAS",2005-12-31,"3.03","Receita Líquida de Vendas e/ou Serviços",105822526,45225234.411727
"PETRÓLEO BRASILEIRO  S.A.  - PETROBRAS",2005-12-31,"3.04","Custo de Bens e/ou Serviços Vendidos",-57512113,-24578876.4477114
"PETRÓLEO BRASILEIRO  S.A.  - PETROBRAS",2005-12-31,"3.05","Resultado Bruto",48310413,20646357.9640156
"PETRÓLEO BRASILEIRO  S.A.  - PETROBRAS",2005-12-31,"3.06","Despesas/Receitas Operacionais",-14810467,-6329529.89443993
"PETRÓLEO BRASILEIRO  S.A.  - PETROBRAS",2005-12-31,"3.06.01","Com Vendas",-4195157,-1792878.75550237
"PETRÓLEO BRASILEIRO  S.A.  - PETROBRAS",2005-12-31,"3.06.02","Gerais e Administrativas",-3453753,-1476025.89854267
"PETRÓLEO BRASILEIRO  S.A.  - PETROBRAS",2005-12-31,"3.06.03","Financeiras",126439,54036.0699175178
"PETRÓLEO BRASILEIRO  S.A.  - PETROBRAS",2005-12-31,"3.06.04","Outras Receitas Operacionais",0,0
"PETRÓLEO BRASILEIRO  S.A.  - PETROBRAS",2005-12-31,"3.06.05","Outras Despesas Operacionais",-9070019,-3876242.1471003
"PETRÓLEO BRASILEIRO  S.A.  - PETROBRAS",2005-12-31,"3.06.06","Resultado da Equivalência Patrimonial",1782023,761580.836787897
"PETRÓLEO BRASILEIRO  S.A.  - PETROBRAS",2005-12-31,"3.07","Resultado Operacional",33499946,14316828.0695756
"PETRÓLEO BRASILEIRO  S.A.  - PETROBRAS",2005-12-31,"3.08","Resultado Não Operacional",-199982,-85466.0455575025
"PETRÓLEO BRASILEIRO  S.A.  - PETROBRAS",2005-12-31,"3.08.01","Receitas",1256194,536857.985383991
"PETRÓLEO BRASILEIRO  S.A.  - PETROBRAS",2005-12-31,"3.08.02","Despesas",-1456176,-622324.030941493
"PETRÓLEO BRASILEIRO  S.A.  - PETROBRAS",2005-12-31,"3.09","Resultado Antes Tributação/Participações",33299964,14231362.0240181
"PETRÓLEO BRASILEIRO  S.A.  - PETROBRAS",2005-12-31,"3.10","Provisão para IR e Contribuição Social",-8581490,-3667460.14786957
"PETRÓLEO BRASILEIRO  S.A.  - PETROBRAS",2005-12-31,"3.11","IR Diferido",-422392,-180517.116116073
"PETRÓLEO BRASILEIRO  S.A.  - PETROBRAS",2005-12-31,"3.12","Participações/Contribuições Estatutárias",-846000,-361553.912560366
"PETRÓLEO BRASILEIRO  S.A.  - PETROBRAS",2005-12-31,"3.12.01","Participações",-846000,-361553.912560366
"PETRÓLEO BRASILEIRO  S.A.  - PETROBRAS",2005-12-31,"3.12.02","Contribuições",0,0
"PETRÓLEO BRASILEIRO  S.A.  - PETROBRAS",2005-12-31,"3.13","Reversão dos Juros sobre Capital Próprio",0,0
"PETRÓLEO BRASILEIRO  S.A.  - PETROBRAS",2005-12-31,"3.15","Lucro/Prejuízo do Período",23450082,10021830.8474721
