"company.name","ref.date","acc.number","acc.desc","acc.value","acc.value.infl.adj"
"BANCO DO ESTADO DO RIO GRANDE DO SUL SA",2008-12-31,"2","Passivo Total",25392684,10869225.2375653
"BANCO DO ESTADO DO RIO GRANDE DO SUL SA",2008-12-31,"2.01","Passivo Circulante",18177692,7780880.06163856
"BANCO DO ESTADO DO RIO GRANDE DO SUL SA",2008-12-31,"2.01.01","Depósitos",11289466,4832405.61595754
"BANCO DO ESTADO DO RIO GRANDE DO SUL SA",2008-12-31,"2.01.02","Captações no Mercado Aberto",2290220,980318.46588477
"BANCO DO ESTADO DO RIO GRANDE DO SUL SA",2008-12-31,"2.01.03","Recursos de Aceites e Emissão de Títulos",0,0
"BANCO DO ESTADO DO RIO GRANDE DO SUL SA",2008-12-31,"2.01.04","Relações Interfinanceiras",11779,5041.9484633165
"BANCO DO ESTADO DO RIO GRANDE DO SUL SA",2008-12-31,"2.01.05","Relações Interdependências",113070,48399.1096652684
"BANCO DO ESTADO DO RIO GRANDE DO SUL SA",2008-12-31,"2.01.06","Obrigações por Empréstimos",622473,266446.793938875
"BANCO DO ESTADO DO RIO GRANDE DO SUL SA",2008-12-31,"2.01.07","Obrigações por Repasse do País",329949,141233.199212396
"BANCO DO ESTADO DO RIO GRANDE DO SUL SA",2008-12-31,"2.01.08","Obrigações por Repasse do Exterior",31792,13608.4239363068
"BANCO DO ESTADO DO RIO GRANDE DO SUL SA",2008-12-31,"2.01.09","Outras Obrigações",3488943,1493426.50458009
"BANCO DO ESTADO DO RIO GRANDE DO SUL SA",2008-12-31,"2.02","Passivo Exigível a Longo Prazo",4135853,1770333.44747881
"BANCO DO ESTADO DO RIO GRANDE DO SUL SA",2008-12-31,"2.02.01","Depósitos",3136312,1342484.37633764
"BANCO DO ESTADO DO RIO GRANDE DO SUL SA",2008-12-31,"2.02.02","Captações no Mercado Aberto",0,0
"BANCO DO ESTADO DO RIO GRANDE DO SUL SA",2008-12-31,"2.02.03","Recursos de Aceites e Emissão de Títulos",0,0
"BANCO DO ESTADO DO RIO GRANDE DO SUL SA",2008-12-31,"2.02.04","Relações Interfinanceiras",0,0
"BANCO DO ESTADO DO RIO GRANDE DO SUL SA",2008-12-31,"2.02.05","Relações Interdependências",0,0
"BANCO DO ESTADO DO RIO GRANDE DO SUL SA",2008-12-31,"2.02.06","Obrigações por Empréstimos",0,0
"BANCO DO ESTADO DO RIO GRANDE DO SUL SA",2008-12-31,"2.02.07","Obrigações por Repasse do País",385771,165127.557572126
"BANCO DO ESTADO DO RIO GRANDE DO SUL SA",2008-12-31,"2.02.08","Obrigações por Repasse do Exterior",0,0
"BANCO DO ESTADO DO RIO GRANDE DO SUL SA",2008-12-31,"2.02.09","Outras Obrigações",613770,262721.513569044
"BANCO DO ESTADO DO RIO GRANDE DO SUL SA",2008-12-31,"2.03","Resultados de Exercícios Futuros",0,0
"BANCO DO ESTADO DO RIO GRANDE DO SUL SA",2008-12-31,"2.05","Patrimônio Líquido",3079139,1318011.72844791
"BANCO DO ESTADO DO RIO GRANDE DO SUL SA",2008-12-31,"2.05.01","Capital Social Realizado",2300000,984504.751305539
"BANCO DO ESTADO DO RIO GRANDE DO SUL SA",2008-12-31,"2.05.02","Reservas de Capital",6164,2638.47273349884
"BANCO DO ESTADO DO RIO GRANDE DO SUL SA",2008-12-31,"2.05.03","Reservas de Reavaliação",0,0
"BANCO DO ESTADO DO RIO GRANDE DO SUL SA",2008-12-31,"2.05.04","Reservas de Lucro",782482,334937.933396113
"BANCO DO ESTADO DO RIO GRANDE DO SUL SA",2008-12-31,"2.05.05","Ajustes de Títulos e Valores Mobiliários",-9507,-4069.42898724424
"BANCO DO ESTADO DO RIO GRANDE DO SUL SA",2008-12-31,"2.05.06","Lucros/Prejuízos Acumulados",0,0
"BANCO DO ESTADO DO RIO GRANDE DO SUL SA",2007-12-31,"2","Passivo Total",20651042,11663960.463146
"BANCO DO ESTADO DO RIO GRANDE DO SUL SA",2007-12-31,"2.01","Passivo Circulante",14698799,8302060.99971759
"BANCO DO ESTADO DO RIO GRANDE DO SUL SA",2007-12-31,"2.01.01","Depósitos",10296039,5815328.43829427
"BANCO DO ESTADO DO RIO GRANDE DO SUL SA",2007-12-31,"2.01.02","Captações no Mercado Aberto",2289189,1292961.8751765
"BANCO DO ESTADO DO RIO GRANDE DO SUL SA",2007-12-31,"2.01.03","Recursos de Aceites e Emissão de Títulos",0,0
"BANCO DO ESTADO DO RIO GRANDE DO SUL SA",2007-12-31,"2.01.04","Relações Interfinanceiras",9475,5351.59559446484
"BANCO DO ESTADO DO RIO GRANDE DO SUL SA",2007-12-31,"2.01.05","Relações Interdependências",98001,55352.1604066648
"BANCO DO ESTADO DO RIO GRANDE DO SUL SA",2007-12-31,"2.01.06","Obrigações por Empréstimos",307184,173501.27082745
"BANCO DO ESTADO DO RIO GRANDE DO SUL SA",2007-12-31,"2.01.07","Obrigações por Repasse do País",268655,151739.621575826
"BANCO DO ESTADO DO RIO GRANDE DO SUL SA",2007-12-31,"2.01.08","Obrigações por Repasse do Exterior",6783,3831.12115221689
"BANCO DO ESTADO DO RIO GRANDE DO SUL SA",2007-12-31,"2.01.09","Outras Obrigações",1423473,803994.916690201
"BANCO DO ESTADO DO RIO GRANDE DO SUL SA",2007-12-31,"2.02","Passivo Exigível a Longo Prazo",3155963,1782526.40497035
"BANCO DO ESTADO DO RIO GRANDE DO SUL SA",2007-12-31,"2.02.01","Depósitos",2225817,1257168.59644168
"BANCO DO ESTADO DO RIO GRANDE DO SUL SA",2007-12-31,"2.02.02","Captações no Mercado Aberto",0,0
"BANCO DO ESTADO DO RIO GRANDE DO SUL SA",2007-12-31,"2.02.03","Recursos de Aceites e Emissão de Títulos",0,0
"BANCO DO ESTADO DO RIO GRANDE DO SUL SA",2007-12-31,"2.02.04","Relações Interfinanceiras",0,0
"BANCO DO ESTADO DO RIO GRANDE DO SUL SA",2007-12-31,"2.02.05","Relações Interdependências",0,0
"BANCO DO ESTADO DO RIO GRANDE DO SUL SA",2007-12-31,"2.02.06","Obrigações por Empréstimos",0,0
"BANCO DO ESTADO DO RIO GRANDE DO SUL SA",2007-12-31,"2.02.07","Obrigações por Repasse do País",359619,203117.198531488
"BANCO DO ESTADO DO RIO GRANDE DO SUL SA",2007-12-31,"2.02.08","Obrigações por Repasse do Exterior",0,0
"BANCO DO ESTADO DO RIO GRANDE DO SUL SA",2007-12-31,"2.02.09","Outras Obrigações",570527,322240.609997176
"BANCO DO ESTADO DO RIO GRANDE DO SUL SA",2007-12-31,"2.03","Resultados de Exercícios Futuros",4267,2410.05365715899
"BANCO DO ESTADO DO RIO GRANDE DO SUL SA",2007-12-31,"2.03.01","Resultados de Exercício Futuros",4267,2410.05365715899
"BANCO DO ESTADO DO RIO GRANDE DO SUL SA",2007-12-31,"2.05","Patrimônio Líquido",2792013,1576963.0048009
"BANCO DO ESTADO DO RIO GRANDE DO SUL SA",2007-12-31,"2.05.01","Capital Social Realizado",2034000,1148828.01468512
"BANCO DO ESTADO DO RIO GRANDE DO SUL SA",2007-12-31,"2.05.02","Reservas de Capital",6275,3544.19655464558
"BANCO DO ESTADO DO RIO GRANDE DO SUL SA",2007-12-31,"2.05.03","Reservas de Reavaliação",0,0
"BANCO DO ESTADO DO RIO GRANDE DO SUL SA",2007-12-31,"2.05.04","Reservas de Lucro",751691,424564.247387744
"BANCO DO ESTADO DO RIO GRANDE DO SUL SA",2007-12-31,"2.05.05","Ajustes de Títulos e Valores Mobiliários",47,26.5461733973454
"BANCO DO ESTADO DO RIO GRANDE DO SUL SA",2007-12-31,"2.05.06","Lucros/Prejuízos Acumulados",0,0
"BANCO DO ESTADO DO RIO GRANDE DO SUL SA",2006-12-31,"2","Passivo Total",15721683,7356205.78326783
"BANCO DO ESTADO DO RIO GRANDE DO SUL SA",2006-12-31,"2.01","Passivo Circulante",11798494,5520538.08721692
"BANCO DO ESTADO DO RIO GRANDE DO SUL SA",2006-12-31,"2.01.01","Depósitos",8727486,4083607.523863
"BANCO DO ESTADO DO RIO GRANDE DO SUL SA",2006-12-31,"2.01.02","Captações no Mercado Aberto",1784004,834738.910724312
"BANCO DO ESTADO DO RIO GRANDE DO SUL SA",2006-12-31,"2.01.03","Recursos de Aceites e Emissão de Títulos",0,0
"BANCO DO ESTADO DO RIO GRANDE DO SUL SA",2006-12-31,"2.01.04","Relações Interfinanceiras",9852,4609.76979225154
"BANCO DO ESTADO DO RIO GRANDE DO SUL SA",2006-12-31,"2.01.05","Relações Interdependências",98624,46146.3597230021
"BANCO DO ESTADO DO RIO GRANDE DO SUL SA",2006-12-31,"2.01.06","Obrigações por Empréstimos",153022,71599.2887890698
"BANCO DO ESTADO DO RIO GRANDE DO SUL SA",2006-12-31,"2.01.07","Obrigações por Repasse do País",221159,103480.722440576
"BANCO DO ESTADO DO RIO GRANDE DO SUL SA",2006-12-31,"2.01.08","Obrigações por Repasse do Exterior",300,140.370578326783
"BANCO DO ESTADO DO RIO GRANDE DO SUL SA",2006-12-31,"2.01.09","Outras Obrigações",804047,376215.141306382
"BANCO DO ESTADO DO RIO GRANDE DO SUL SA",2006-12-31,"2.02","Passivo Exigível a Longo Prazo",2627483,1229404.36084597
"BANCO DO ESTADO DO RIO GRANDE DO SUL SA",2006-12-31,"2.02.01","Depósitos",1755364,821338.199513382
"BANCO DO ESTADO DO RIO GRANDE DO SUL SA",2006-12-31,"2.02.02","Captações no Mercado Aberto",0,0
"BANCO DO ESTADO DO RIO GRANDE DO SUL SA",2006-12-31,"2.02.03","Recursos de Aceites e Emissão de Títulos",0,0
"BANCO DO ESTADO DO RIO GRANDE DO SUL SA",2006-12-31,"2.02.04","Relações Interfinanceiras",0,0
"BANCO DO ESTADO DO RIO GRANDE DO SUL SA",2006-12-31,"2.02.05","Relações Interdependências",0,0
"BANCO DO ESTADO DO RIO GRANDE DO SUL SA",2006-12-31,"2.02.06","Obrigações por Empréstimos",0,0
"BANCO DO ESTADO DO RIO GRANDE DO SUL SA",2006-12-31,"2.02.07","Obrigações por Repasse do País",271904,127224.405764552
"BANCO DO ESTADO DO RIO GRANDE DO SUL SA",2006-12-31,"2.02.08","Obrigações por Repasse do Exterior",0,0
"BANCO DO ESTADO DO RIO GRANDE DO SUL SA",2006-12-31,"2.02.09","Outras Obrigações",600215,280841.755568033
"BANCO DO ESTADO DO RIO GRANDE DO SUL SA",2006-12-31,"2.03","Resultados de Exercícios Futuros",627,293.374508702976
"BANCO DO ESTADO DO RIO GRANDE DO SUL SA",2006-12-31,"2.03.01","Resultados de Exercício Futuros",627,293.374508702976
"BANCO DO ESTADO DO RIO GRANDE DO SUL SA",2006-12-31,"2.05","Patrimônio Líquido",1295079,605969.960696238
"BANCO DO ESTADO DO RIO GRANDE DO SUL SA",2006-12-31,"2.05.01","Capital Social Realizado",900000,421111.734980348
"BANCO DO ESTADO DO RIO GRANDE DO SUL SA",2006-12-31,"2.05.02","Reservas de Capital",8114,3796.55624181172
"BANCO DO ESTADO DO RIO GRANDE DO SUL SA",2006-12-31,"2.05.03","Reservas de Reavaliação",0,0
"BANCO DO ESTADO DO RIO GRANDE DO SUL SA",2006-12-31,"2.05.04","Reservas de Lucro",386951,181055.11884709
"BANCO DO ESTADO DO RIO GRANDE DO SUL SA",2006-12-31,"2.05.05","Ajustes de Títulos e Valores Mobiliários",14,6.55062698858319
"BANCO DO ESTADO DO RIO GRANDE DO SUL SA",2006-12-31,"2.05.06","Lucros/Prejuízos Acumulados",0,0
"PETRÓLEO BRASILEIRO  S.A.  - PETROBRAS",2008-12-31,"2","Passivo Total",311010867,133126815.769198
"PETRÓLEO BRASILEIRO  S.A.  - PETROBRAS",2008-12-31,"2.01","Passivo Circulante",111698595,47812085.8659361
"PETRÓLEO BRASILEIRO  S.A.  - PETROBRAS",2008-12-31,"2.01.01","Empréstimos e Financiamentos",2506156,1072748.90848386
"PETRÓLEO BRASILEIRO  S.A.  - PETROBRAS",2008-12-31,"2.01.02","Debêntures",0,0
"PETRÓLEO BRASILEIRO  S.A.  - PETROBRAS",2008-12-31,"2.01.03","Fornecedores",10186552,4360308.19279171
"PETRÓLEO BRASILEIRO  S.A.  - PETROBRAS",2008-12-31,"2.01.04","Impostos, Taxas e Contribuições",10537882,4510693.43378135
"PETRÓLEO BRASILEIRO  S.A.  - PETROBRAS",2008-12-31,"2.01.05","Dividendos a Pagar",9914707,4243946.15187056
"PETRÓLEO BRASILEIRO  S.A.  - PETROBRAS",2008-12-31,"2.01.06","Provisões",3825367,1637431.29869018
"PETRÓLEO BRASILEIRO  S.A.  - PETROBRAS",2008-12-31,"2.01.07","Dívidas com Pessoas Ligadas",61845850,26472840.5102303
"PETRÓLEO BRASILEIRO  S.A.  - PETROBRAS",2008-12-31,"2.01.08","Outros",12882081,5514117.37008818
"PETRÓLEO BRASILEIRO  S.A.  - PETROBRAS",2008-12-31,"2.02","Passivo Não Circulante",55261133,23654281.7395771
"PETRÓLEO BRASILEIRO  S.A.  - PETROBRAS",2008-12-31,"2.02.01","Passivo Exigível a Longo Prazo",55261133,23654281.7395771
"PETRÓLEO BRASILEIRO  S.A.  - PETROBRAS",2008-12-31,"2.03","Resultados de Exercícios Futuros",0,0
"PETRÓLEO BRASILEIRO  S.A.  - PETROBRAS",2008-12-31,"2.05","Patrimônio Líquido",144051139,61660448.1636846
"PETRÓLEO BRASILEIRO  S.A.  - PETROBRAS",2008-12-31,"2.05.01","Capital Social Realizado",78966691,33801340.2105984
"PETRÓLEO BRASILEIRO  S.A.  - PETROBRAS",2008-12-31,"2.05.02","Reservas de Capital",514857,220382.244670833
"PETRÓLEO BRASILEIRO  S.A.  - PETROBRAS",2008-12-31,"2.05.03","Reservas de Reavaliação",10284,4402.0203749679
"PETRÓLEO BRASILEIRO  S.A.  - PETROBRAS",2008-12-31,"2.05.04","Reservas de Lucro",64442783,27584446.109066
"PETRÓLEO BRASILEIRO  S.A.  - PETROBRAS",2008-12-31,"2.05.05","Ajustes de Avaliação Patrimonial",116524,49877.5789744029
"PETRÓLEO BRASILEIRO  S.A.  - PETROBRAS",2008-12-31,"2.05.06","Lucros/Prejuízos Acumulados",0,0
"PETRÓLEO BRASILEIRO  S.A.  - PETROBRAS",2008-12-31,"2.05.07","Adiantamento para Futuro Aumento Capital",0,0
"PETRÓLEO BRASILEIRO  S.A.  - PETROBRAS",2007-12-31,"2","Passivo Total",211233010,119306981.078791
"PETRÓLEO BRASILEIRO  S.A.  - PETROBRAS",2007-12-31,"2.01","Passivo Circulante",60385858,34106669.3024569
"PETRÓLEO BRASILEIRO  S.A.  - PETROBRAS",2007-12-31,"2.01.01","Empréstimos e Financiamentos",748518,422772.098277323
"PETRÓLEO BRASILEIRO  S.A.  - PETROBRAS",2007-12-31,"2.01.02","Debêntures",0,0
"PETRÓLEO BRASILEIRO  S.A.  - PETROBRAS",2007-12-31,"2.01.03","Fornecedores",7413054,4186983.3380401
"PETRÓLEO BRASILEIRO  S.A.  - PETROBRAS",2007-12-31,"2.01.04","Impostos, Taxas e Contribuições",8493492,4797227.90172268
"PETRÓLEO BRASILEIRO  S.A.  - PETROBRAS",2007-12-31,"2.01.05","Dividendos a Pagar",6580557,3716778.87602372
"PETRÓLEO BRASILEIRO  S.A.  - PETROBRAS",2007-12-31,"2.01.06","Provisões",3090081,1745315.44761367
"PETRÓLEO BRASILEIRO  S.A.  - PETROBRAS",2007-12-31,"2.01.07","Dívidas com Pessoas Ligadas",29043500,16404123.1290596
"PETRÓLEO BRASILEIRO  S.A.  - PETROBRAS",2007-12-31,"2.01.08","Outros",5016656,2833468.51171985
"PETRÓLEO BRASILEIRO  S.A.  - PETROBRAS",2007-12-31,"2.02","Passivo Não Circulante",34834917,19675186.1056199
"PETRÓLEO BRASILEIRO  S.A.  - PETROBRAS",2007-12-31,"2.02.01","Passivo Exigível a Longo Prazo",34834917,19675186.1056199
"PETRÓLEO BRASILEIRO  S.A.  - PETROBRAS",2007-12-31,"2.02.02","Resultados de Exercícios Futuros",0,0
"PETRÓLEO BRASILEIRO  S.A.  - PETROBRAS",2007-12-31,"2.04","Patrimônio Líquido",116012235,65525125.6707145
"PETRÓLEO BRASILEIRO  S.A.  - PETROBRAS",2007-12-31,"2.04.01","Capital Social Realizado",52644460,29734233.2674386
"PETRÓLEO BRASILEIRO  S.A.  - PETROBRAS",2007-12-31,"2.04.02","Reservas de Capital",1553831,877622.705450438
"PETRÓLEO BRASILEIRO  S.A.  - PETROBRAS",2007-12-31,"2.04.03","Reservas de Reavaliação",61520,34747.2465405253
"PETRÓLEO BRASILEIRO  S.A.  - PETROBRAS",2007-12-31,"2.04.04","Reservas de Lucro",61752424,34878522.4512849
"PETRÓLEO BRASILEIRO  S.A.  - PETROBRAS",2007-12-31,"2.04.05","Lucros/Prejuízos Acumulados",0,0
"PETRÓLEO BRASILEIRO  S.A.  - PETROBRAS",2007-12-31,"2.04.06","Adiantamento para Futuro Aumento Capital",0,0
"PETRÓLEO BRASILEIRO  S.A.  - PETROBRAS",2006-12-31,"2","Passivo Total",179614554,84041996.0696238
"PETRÓLEO BRASILEIRO  S.A.  - PETROBRAS",2006-12-31,"2.01","Passivo Circulante",50797029,23768027.7933745
"PETRÓLEO BRASILEIRO  S.A.  - PETROBRAS",2006-12-31,"2.01.01","Empréstimos e Financiamentos",1279445,598654.781957702
"PETRÓLEO BRASILEIRO  S.A.  - PETROBRAS",2006-12-31,"2.01.02","Debêntures",0,0
"PETRÓLEO BRASILEIRO  S.A.  - PETROBRAS",2006-12-31,"2.01.03","Fornecedores",5427331,2539458.63746959
"PETRÓLEO BRASILEIRO  S.A.  - PETROBRAS",2006-12-31,"2.01.04","Impostos, Taxas e Contribuições",6854934,3207436.83323975
"PETRÓLEO BRASILEIRO  S.A.  - PETROBRAS",2006-12-31,"2.01.05","Dividendos a Pagar",7896669,3694866.64795059
"PETRÓLEO BRASILEIRO  S.A.  - PETROBRAS",2006-12-31,"2.01.06","Provisões",1583615,740976.511323227
"PETRÓLEO BRASILEIRO  S.A.  - PETROBRAS",2006-12-31,"2.01.07","Dívidas com Pessoas Ligadas",23473128,10983121.841662
"PETRÓLEO BRASILEIRO  S.A.  - PETROBRAS",2006-12-31,"2.01.08","Outros",4281907,2003512.53977166
"PETRÓLEO BRASILEIRO  S.A.  - PETROBRAS",2006-12-31,"2.02","Passivo Não Circulante",29435191,13772782.6127644
"PETRÓLEO BRASILEIRO  S.A.  - PETROBRAS",2006-12-31,"2.02.01","Passivo Exigível a Longo Prazo",29435191,13772782.6127644
"PETRÓLEO BRASILEIRO  S.A.  - PETROBRAS",2006-12-31,"2.02.02","Resultados de Exercícios Futuros",0,0
"PETRÓLEO BRASILEIRO  S.A.  - PETROBRAS",2006-12-31,"2.04","Patrimônio Líquido",99382334,46501185.6634849
"PETRÓLEO BRASILEIRO  S.A.  - PETROBRAS",2006-12-31,"2.04.01","Capital Social Realizado",48263983,22582810.68688
"PETRÓLEO BRASILEIRO  S.A.  - PETROBRAS",2006-12-31,"2.04.02","Reservas de Capital",372064,174089.462848587
"PETRÓLEO BRASILEIRO  S.A.  - PETROBRAS",2006-12-31,"2.04.03","Reservas de Reavaliação",66423,31079.449747333
"PETRÓLEO BRASILEIRO  S.A.  - PETROBRAS",2006-12-31,"2.04.04","Reservas de Lucro",50679864,23713206.064009
"PETRÓLEO BRASILEIRO  S.A.  - PETROBRAS",2006-12-31,"2.04.05","Lucros/Prejuízos Acumulados",0,0
"PETRÓLEO BRASILEIRO  S.A.  - PETROBRAS",2006-12-31,"2.04.06","Adiantamento para Futuro Aumento Capital",0,0
"PETRÓLEO BRASILEIRO  S.A.  - PETROBRAS",2005-12-31,"2","Passivo Total",154013146,65820396.5981452
"PETRÓLEO BRASILEIRO  S.A.  - PETROBRAS",2005-12-31,"2.01","Passivo Circulante",47695680,20383640.3265097
"PETRÓLEO BRASILEIRO  S.A.  - PETROBRAS",2005-12-31,"2.01.01","Empréstimos e Financiamentos",1655721,707603.316381042
"PETRÓLEO BRASILEIRO  S.A.  - PETROBRAS",2005-12-31,"2.01.02","Debêntures",0,0
"PETRÓLEO BRASILEIRO  S.A.  - PETROBRAS",2005-12-31,"2.01.03","Fornecedores",4481558,1915277.57596478
"PETRÓLEO BRASILEIRO  S.A.  - PETROBRAS",2005-12-31,"2.01.04","Impostos, Taxas e Contribuições",7292508,3116589.59784606
"PETRÓLEO BRASILEIRO  S.A.  - PETROBRAS",2005-12-31,"2.01.05","Dividendos a Pagar",7017843,2999206.37634087
"PETRÓLEO BRASILEIRO  S.A.  - PETROBRAS",2005-12-31,"2.01.06","Provisões",1607715,687087.05500235
"PETRÓLEO BRASILEIRO  S.A.  - PETROBRAS",2005-12-31,"2.01.07","Dívidas com Pessoas Ligadas",20383557,8711294.07239626
"PETRÓLEO BRASILEIRO  S.A.  - PETROBRAS",2005-12-31,"2.01.08","Outros",5256778,2246582.33257832
"PETRÓLEO BRASILEIRO  S.A.  - PETROBRAS",2005-12-31,"2.02","Passivo Não Circulante",25614200,10946707.1242361
"PETRÓLEO BRASILEIRO  S.A.  - PETROBRAS",2005-12-31,"2.02.01","Passivo Exigível a Longo Prazo",6408872,2738951.23723236
"PETRÓLEO BRASILEIRO  S.A.  - PETROBRAS",2005-12-31,"2.02.02","Resultados de Exercícios Futuros",0,0
"PETRÓLEO BRASILEIRO  S.A.  - PETROBRAS",2005-12-31,"2.02.03","Provisões",14721704,6291595.36732339
"PETRÓLEO BRASILEIRO  S.A.  - PETROBRAS",2005-12-31,"2.02.04","Dívidas com Pessoas Ligadas",1925046,822704.389076456
"PETRÓLEO BRASILEIRO  S.A.  - PETROBRAS",2005-12-31,"2.02.05","Outros",2558578,1093456.13060387
"PETRÓLEO BRASILEIRO  S.A.  - PETROBRAS",2005-12-31,"2.03","Resultados de Exercícios Futuros",0,0
"PETRÓLEO BRASILEIRO  S.A.  - PETROBRAS",2005-12-31,"2.05","Patrimônio Líquido",80703266,34490049.1473995
"PETRÓLEO BRASILEIRO  S.A.  - PETROBRAS",2005-12-31,"2.05.01","Capital Social Realizado",33235445,14203788.6234454
"PETRÓLEO BRASILEIRO  S.A.  - PETROBRAS",2005-12-31,"2.05.02","Reservas de Capital",372064,159008.50463695
"PETRÓLEO BRASILEIRO  S.A.  - PETROBRAS",2005-12-31,"2.05.03","Reservas de Reavaliação",60120,25693.4057010983
"PETRÓLEO BRASILEIRO  S.A.  - PETROBRAS",2005-12-31,"2.05.04","Reservas de Lucro",47035637,20101558.613616
"PETRÓLEO BRASILEIRO  S.A.  - PETROBRAS",2005-12-31,"2.05.05","Ajustes de Avaliação Patrimonial",0,0
