"name.company","ref.date","type.stock","date.aproval","value","unit.dividend","type.dividend","last.day.with.dividend","last.day.price.with.dividend","last.price","last.price.unit","dividend.by.price"
"BANCO DO ESTADO DO RIO GRANDE DO SUL SA","Current","ON",1996-03-21,0.9882,1000,"DIVIDENDO",1996-03-21,1996-03-20,54,1000,1.83
"BANCO DO ESTADO DO RIO GRANDE DO SUL SA","Current","ON",1997-03-21,0.47,1000,"DIVIDENDO",1997-03-21,1997-03-20,169,1000,0.278107
"BANCO DO ESTADO DO RIO GRANDE DO SUL SA","Current","ON",1997-03-21,0.47,1000,"DIVIDENDO",1997-03-21,1997-03-20,169,1000,0.278107
"BANCO DO ESTADO DO RIO GRANDE DO SUL SA","Current","ON",1997-03-21,0.4996,1000,"DIVIDENDO",1997-03-21,1997-03-20,169,1000,0.295621
"BANCO DO ESTADO DO RIO GRANDE DO SUL SA","Current","ON",1998-03-24,0.6003833,1000,"DIVIDENDO",1998-03-24,1998-03-24,212,1000,0.2832
"BANCO DO ESTADO DO RIO GRANDE DO SUL SA","Current","ON",1998-03-24,0.93028188,1000,"DIVIDENDO",1998-03-24,1998-03-24,212,1000,0.438812
"BANCO DO ESTADO DO RIO GRANDE DO SUL SA","Current","ON",1998-03-24,0.05941386,1000,"DIVIDENDO",1998-03-24,1998-03-24,212,1000,0.028025
"BANCO DO ESTADO DO RIO GRANDE DO SUL SA","Current","ON",1998-03-24,0.19412096,1000,"DIVIDENDO",1998-03-24,1998-03-24,212,1000,0.091566
"BANCO DO ESTADO DO RIO GRANDE DO SUL SA","Current","ON",1999-03-24,0.1073,1000,"DIVIDENDO",1999-03-24,1999-03-24,155,1000,0.069226
"BANCO DO ESTADO DO RIO GRANDE DO SUL SA","Current","ON",1999-03-24,4.5515,1000,"JRS CAP PROPRIO",1999-03-24,1999-03-24,155,1000,2.936452
"BANCO DO ESTADO DO RIO GRANDE DO SUL SA","Current","ON",2000-03-23,3.58,1000,"DIVIDENDO",2000-03-23,2000-03-23,430,1000,0.832558
"BANCO DO ESTADO DO RIO GRANDE DO SUL SA","Current","ON",2000-03-23,0.14,1000,"RENDIMENTO",2000-03-23,2000-03-23,430,1000,0.032558
"BANCO DO ESTADO DO RIO GRANDE DO SUL SA","Current","ON",2000-03-23,4.27,1000,"JRS CAP PROPRIO",2000-03-23,2000-03-23,430,1000,0.993023
"BANCO DO ESTADO DO RIO GRANDE DO SUL SA","Current","ON",2000-03-23,0.17,1000,"RENDIMENTO",2000-03-23,2000-03-23,430,1000,0.039535
"BANCO DO ESTADO DO RIO GRANDE DO SUL SA","Current","ON",2001-03-23,1.67,1,"JRS CAP PROPRIO",2001-03-23,2001-03-23,52.39,1,3.187631
"BANCO DO ESTADO DO RIO GRANDE DO SUL SA","Current","ON",2001-03-23,0.57,1,"DIVIDENDO",2001-03-23,2001-03-23,52.39,1,1.087994
"BANCO DO ESTADO DO RIO GRANDE DO SUL SA","Current","ON",2001-03-23,0.07,1,"RENDIMENTO",2001-03-23,2001-03-23,52.39,1,0.133613
"BANCO DO ESTADO DO RIO GRANDE DO SUL SA","Current","ON",2001-06-29,1.02,1,"JRS CAP PROPRIO",2001-06-29,2001-06-29,60.15,1,1.695761
"BANCO DO ESTADO DO RIO GRANDE DO SUL SA","Current","ON",2001-08-03,0.03,1,"DIVIDENDO",2001-08-03,2001-08-03,58,1,0.051724
"BANCO DO ESTADO DO RIO GRANDE DO SUL SA","Current","ON",2002-03-22,0.89,1,"JRS CAP PROPRIO",2002-03-22,2002-03-22,60.9,1,1.461412
"BANCO DO ESTADO DO RIO GRANDE DO SUL SA","Current","ON",2002-03-22,1.3,1,"DIVIDENDO",2002-03-22,2002-03-22,60.9,1,2.134647
"BANCO DO ESTADO DO RIO GRANDE DO SUL SA","Current","ON",2002-03-22,0.09,1,"RENDIMENTO",2002-03-22,2002-03-22,60.9,1,0.147783
"BANCO DO ESTADO DO RIO GRANDE DO SUL SA","Current","ON",2002-10-31,1,1,"JRS CAP PROPRIO",2002-11-12,2002-11-12,47,1,2.12766
"BANCO DO ESTADO DO RIO GRANDE DO SUL SA","Current","ON",2003-03-27,1,1,"JRS CAP PROPRIO",2003-03-27,2003-03-27,51.8,1,1.930502
"BANCO DO ESTADO DO RIO GRANDE DO SUL SA","Current","ON",2003-03-27,0.06,1,"RENDIMENTO",2003-03-27,2003-03-27,51.8,1,0.11583
"BANCO DO ESTADO DO RIO GRANDE DO SUL SA","Current","ON",2003-03-27,0.53,1,"DIVIDENDO",2003-03-27,2003-03-27,51.8,1,1.023166
"BANCO DO ESTADO DO RIO GRANDE DO SUL SA","Current","ON",2003-03-27,0.03,1,"RENDIMENTO",2003-03-27,2003-03-27,51.8,1,0.057915
"BANCO DO ESTADO DO RIO GRANDE DO SUL SA","Current","ON",2003-11-13,2.99,1,"JRS CAP PROPRIO",2003-11-25,2003-11-25,73.85,1,4.048747
"BANCO DO ESTADO DO RIO GRANDE DO SUL SA","Current","ON",2003-11-13,0.01,1,"RENDIMENTO",2003-11-25,2003-11-25,73.85,1,0.013541
"BANCO DO ESTADO DO RIO GRANDE DO SUL SA","Current","ON",2004-03-29,1.15,1,"JRS CAP PROPRIO",2004-03-29,2004-03-29,92.55,1,1.242572
"BANCO DO ESTADO DO RIO GRANDE DO SUL SA","Current","ON",2004-03-29,0.04,1,"RENDIMENTO",2004-03-29,2004-03-29,92.55,1,0.04322
"BANCO DO ESTADO DO RIO GRANDE DO SUL SA","Current","ON",2004-03-29,1,1,"DIVIDENDO",2004-03-29,2004-03-29,92.55,1,1.080497
"BANCO DO ESTADO DO RIO GRANDE DO SUL SA","Current","ON",2004-03-29,0.04,1,"RENDIMENTO",2004-03-29,2004-03-29,92.55,1,0.04322
"BANCO DO ESTADO DO RIO GRANDE DO SUL SA","Current","ON",2004-09-17,2.99,1,"JRS CAP PROPRIO",2004-09-30,2004-09-30,103.7,1,2.883317
"BANCO DO ESTADO DO RIO GRANDE DO SUL SA","Current","ON",2004-09-17,0.01,1,"RENDIMENTO",2004-09-30,2004-09-30,103.7,1,0.009643
"BANCO DO ESTADO DO RIO GRANDE DO SUL SA","Current","ON",2005-03-31,0.6,1,"DIVIDENDO",2005-03-31,2005-03-31,117.5,1,0.510638
"BANCO DO ESTADO DO RIO GRANDE DO SUL SA","Current","ON",2005-03-31,1,1,"JRS CAP PROPRIO",2005-03-31,2005-03-31,117.5,1,0.851064
"BANCO DO ESTADO DO RIO GRANDE DO SUL SA","Current","ON",2005-03-31,0.0681,1,"RENDIMENTO",2005-03-31,2005-03-31,117.5,1,0.057957
"BANCO DO ESTADO DO RIO GRANDE DO SUL SA","Current","ON",2005-06-17,2,1,"JRS CAP PROPRIO",2005-06-30,2005-06-30,121.31,1,1.648669
"BANCO DO ESTADO DO RIO GRANDE DO SUL SA","Current","ON",2005-06-30,1e-10,1,"RENDIMENTO",2005-06-30,2005-06-30,121.31,1,0
"BANCO DO ESTADO DO RIO GRANDE DO SUL SA","Current","ON",2005-12-16,0.4999999999,1,"JRS CAP PROPRIO",2005-12-29,2005-12-29,41.3,1,1.210654
"BANCO DO ESTADO DO RIO GRANDE DO SUL SA","Current","ON",2005-12-16,1e-10,1,"RENDIMENTO",2005-12-29,2005-12-29,41.3,1,0
"BANCO DO ESTADO DO RIO GRANDE DO SUL SA","Current","ON",2006-04-03,0.25,1,"JRS CAP PROPRIO",2006-04-03,2006-04-03,48.21,1,0.518565
"BANCO DO ESTADO DO RIO GRANDE DO SUL SA","Current","ON",2006-04-03,0.35,1,"DIVIDENDO",2006-04-03,2006-04-03,48.21,1,0.72599
"BANCO DO ESTADO DO RIO GRANDE DO SUL SA","Current","ON",2006-04-03,0.0247,1,"RENDIMENTO",2006-04-03,2006-04-03,48.21,1,0.051234
"BANCO DO ESTADO DO RIO GRANDE DO SUL SA","Current","ON",2006-10-20,1,1,"JRS CAP PROPRIO",2006-10-31,2006-10-31,47.4,1,2.109705
"BANCO DO ESTADO DO RIO GRANDE DO SUL SA","Current","ON",2006-12-15,0.45,1,"JRS CAP PROPRIO",2006-12-28,2006-12-28,54.49,1,0.82584
"BANCO DO ESTADO DO RIO GRANDE DO SUL SA","Current","ON",2006-12-15,1e-10,1,"RENDIMENTO",2006-12-28,2006-12-28,54.49,1,0
"BANCO DO ESTADO DO RIO GRANDE DO SUL SA","Current","ON",2007-04-02,0.35,1,"DIVIDENDO",2007-04-02,2007-04-02,51.45,1,0.680272
"BANCO DO ESTADO DO RIO GRANDE DO SUL SA","Current","ON",2007-04-02,0.0106,1,"RENDIMENTO",2007-04-02,2007-04-02,51.45,1,0.020603
"BANCO DO ESTADO DO RIO GRANDE DO SUL SA","Current","ON",2007-07-25,0.5,1,"JRS CAP PROPRIO",2007-08-17,2007-08-17,54.26,1,0.921489
"BANCO DO ESTADO DO RIO GRANDE DO SUL SA","Current","ON",2007-09-21,0.5,1,"JRS CAP PROPRIO",2007-10-05,2007-10-05,71.87,1,0.695701
"BANCO DO ESTADO DO RIO GRANDE DO SUL SA","Current","ON",2007-12-27,0.3,1,"JRS CAP PROPRIO",2008-01-11,2008-01-11,97,1,0.309278
"BANCO DO ESTADO DO RIO GRANDE DO SUL SA","Current","ON",2007-12-27,0.001,1,"RENDIMENTO",2008-01-11,2008-01-11,97,1,0.001031
"BANCO DO ESTADO DO RIO GRANDE DO SUL SA","Current","ON",2008-04-04,0.15,1,"JRS CAP PROPRIO",2008-04-04,2008-04-04,94.88,1,0.158094
"BANCO DO ESTADO DO RIO GRANDE DO SUL SA","Current","ON",2008-04-04,0.0039,1,"RENDIMENTO",2008-04-04,2008-04-04,94.88,1,0.00411
"BANCO DO ESTADO DO RIO GRANDE DO SUL SA","Current","ON",2008-04-04,0.05,1,"DIVIDENDO",2008-04-04,2008-04-04,94.88,1,0.052698
"BANCO DO ESTADO DO RIO GRANDE DO SUL SA","Current","ON",2008-04-04,0.0013,1,"RENDIMENTO",2008-04-04,2008-04-04,94.88,1,0.00137
"BANCO DO ESTADO DO RIO GRANDE DO SUL SA","Current","ON",2008-12-19,0.8,1,"JRS CAP PROPRIO",2008-12-26,2008-12-26,26.85,1,2.979516
"BANCO DO ESTADO DO RIO GRANDE DO SUL SA","Current","ON",2009-04-08,0.33,1,"DIVIDENDO",2009-04-08,2009-04-08,37.6,1,0.87766
"BANCO DO ESTADO DO RIO GRANDE DO SUL SA","Current","ON",2009-04-08,0.0104,1,"RENDIMENTO",2009-04-08,2009-04-08,37.6,1,0.02766
"BANCO DO ESTADO DO RIO GRANDE DO SUL SA","Current","ON",2009-06-24,0.3,1,"JRS CAP PROPRIO",2009-07-03,2009-07-03,37.9,1,0.791557
"BANCO DO ESTADO DO RIO GRANDE DO SUL SA","Current","ON",2009-09-21,0.2,1,"JRS CAP PROPRIO",2009-09-30,2009-09-30,40.85,1,0.489596
"BANCO DO ESTADO DO RIO GRANDE DO SUL SA","Current","ON",2009-12-17,0.2,1,"JRS CAP PROPRIO",2009-12-18,2009-12-18,41.34,1,0.483793
"BANCO DO ESTADO DO RIO GRANDE DO SUL SA","Current","ON",2010-04-22,0.13,1,"DIVIDENDO",2010-04-22,2010-04-22,38.1,1,0.341207
"BANCO DO ESTADO DO RIO GRANDE DO SUL SA","Current","ON",2010-04-22,0.0032,1,"RENDIMENTO",2010-04-22,2010-04-22,38.1,1,0.008399
"BANCO DO ESTADO DO RIO GRANDE DO SUL SA","Current","ON",2010-04-22,0.1172,1,"JRS CAP PROPRIO",2010-04-22,2010-04-22,38.1,1,0.307612
"BANCO DO ESTADO DO RIO GRANDE DO SUL SA","Current","ON",2010-04-22,0.0029,1,"RENDIMENTO",2010-04-22,2010-04-22,38.1,1,0.007612
"BANCO DO ESTADO DO RIO GRANDE DO SUL SA","Current","ON",2010-05-14,0.2,1,"JRS CAP PROPRIO",2010-05-21,2010-05-21,31.44,1,0.636132
"BANCO DO ESTADO DO RIO GRANDE DO SUL SA","Current","ON",2010-07-16,0.2,1,"JRS CAP PROPRIO",2010-07-30,2010-07-30,32.04,1,0.62422
"BANCO DO ESTADO DO RIO GRANDE DO SUL SA","Current","ON",2010-10-22,0.14,1,"JRS CAP PROPRIO",2010-11-01,2010-11-01,29.1,1,0.4811
"BANCO DO ESTADO DO RIO GRANDE DO SUL SA","Current","ON",2010-12-10,0.2,1,"JRS CAP PROPRIO",2010-12-21,2010-12-21,28.45,1,0.702988
"BANCO DO ESTADO DO RIO GRANDE DO SUL SA","Current","ON",2011-03-21,0.1493,1,"JRS CAP PROPRIO",2011-03-21,2011-03-21,32.25,1,0.462946
"BANCO DO ESTADO DO RIO GRANDE DO SUL SA","Current","ON",2011-03-21,0.00342,1,"RENDIMENTO",2011-03-21,2011-03-21,32.25,1,0.010605
"BANCO DO ESTADO DO RIO GRANDE DO SUL SA","Current","ON",2011-04-28,0.12,1,"DIVIDENDO",2011-04-28,2011-04-28,28.75,1,0.417391
"BANCO DO ESTADO DO RIO GRANDE DO SUL SA","Current","ON",2011-04-28,0.0042,1,"RENDIMENTO",2011-04-28,2011-04-28,28.75,1,0.014609
"BANCO DO ESTADO DO RIO GRANDE DO SUL SA","Current","ON",2011-04-29,0.2,1,"JRS CAP PROPRIO",2011-05-11,2011-05-11,27.21,1,0.735024
"BANCO DO ESTADO DO RIO GRANDE DO SUL SA","Current","ON",2011-07-22,0.2,1,"JRS CAP PROPRIO",2011-08-02,2011-08-02,25.6,1,0.78125
"BANCO DO ESTADO DO RIO GRANDE DO SUL SA","Current","ON",2011-10-28,0.2,1,"JRS CAP PROPRIO",2011-11-11,2011-11-11,23.85,1,0.838574
"BANCO DO ESTADO DO RIO GRANDE DO SUL SA","Current","ON",2011-12-22,0.2,1,"JRS CAP PROPRIO",2012-01-02,2012-01-02,23.21,1,0.861698
"BANCO DO ESTADO DO RIO GRANDE DO SUL SA","Current","ON",2012-03-19,0.12,1,"DIVIDENDO",2012-03-19,2012-03-19,25.25,1,0.475248
"BANCO DO ESTADO DO RIO GRANDE DO SUL SA","Current","ON",2012-03-19,0.00267,1,"RENDIMENTO",2012-03-19,2012-03-19,25.25,1,0.010574
"BANCO DO ESTADO DO RIO GRANDE DO SUL SA","Current","ON",2012-04-27,0.2,1,"JRS CAP PROPRIO",2012-05-11,2012-05-11,20.39,1,0.980873
"BANCO DO ESTADO DO RIO GRANDE DO SUL SA","Current","ON",2013-04-29,0.135,1,"JRS CAP PROPRIO",2013-04-29,2013-04-29,19.16,1,0.704593
"BANCO DO ESTADO DO RIO GRANDE DO SUL SA","Current","ON",2013-04-29,0.003034,1,"RENDIMENTO",2013-04-29,2013-04-29,19.16,1,0.015835
"BANCO DO ESTADO DO RIO GRANDE DO SUL SA","Current","ON",2013-04-29,0.135,1,"JRS CAP PROPRIO",2013-04-29,2013-04-29,19.16,1,0.704593
"BANCO DO ESTADO DO RIO GRANDE DO SUL SA","Current","ON",2013-04-29,0.003034,1,"RENDIMENTO",2013-04-29,2013-04-29,19.16,1,0.015835
"BANCO DO ESTADO DO RIO GRANDE DO SUL SA","Current","ON",2014-04-02,0.5217,1,"JRS CAP PROPRIO",2014-04-02,2014-04-02,15.66,1,3.331418
"BANCO DO ESTADO DO RIO GRANDE DO SUL SA","Current","ON",2014-04-02,0.01638,1,"RENDIMENTO",2014-04-02,2014-04-02,15.66,1,0.104598
"BANCO DO ESTADO DO RIO GRANDE DO SUL SA","Current","PN",1996-03-21,5.1471,1000,"DIVIDENDO",1996-03-21,1996-03-20,114.99,1000,4.476128
"BANCO DO ESTADO DO RIO GRANDE DO SUL SA","Current","PN",1997-03-21,2,1000,"DIVIDENDO",1997-03-21,1997-03-20,221,1000,0.904977
"BANCO DO ESTADO DO RIO GRANDE DO SUL SA","Current","PN",1997-03-21,2,1000,"DIVIDENDO",1997-03-21,1997-03-20,221,1000,0.904977
"BANCO DO ESTADO DO RIO GRANDE DO SUL SA","Current","PN",1997-03-21,2.1263,1000,"DIVIDENDO",1997-03-21,1997-03-20,221,1000,0.962127
"BANCO DO ESTADO DO RIO GRANDE DO SUL SA","Current","PN",1998-03-24,2.07024895,1000,"DIVIDENDO",1998-03-24,1998-03-24,275,1000,0.752818
"BANCO DO ESTADO DO RIO GRANDE DO SUL SA","Current","PN",1998-03-24,3.20780922,1000,"DIVIDENDO",1998-03-24,1998-03-24,275,1000,1.166476
"BANCO DO ESTADO DO RIO GRANDE DO SUL SA","Current","PN",1998-03-24,0.20487159,1000,"DIVIDENDO",1998-03-24,1998-03-24,275,1000,0.074499
"BANCO DO ESTADO DO RIO GRANDE DO SUL SA","Current","PN",1998-03-24,0.66937024,1000,"DIVIDENDO",1998-03-24,1998-03-24,275,1000,0.243407
"BANCO DO ESTADO DO RIO GRANDE DO SUL SA","Current","PN",1999-03-24,1.8893,1000,"DIVIDENDO",1999-03-24,1999-03-24,205.49,1000,0.919412
"BANCO DO ESTADO DO RIO GRANDE DO SUL SA","Current","PN",1999-03-24,4.5515,1000,"JRS CAP PROPRIO",1999-03-24,1999-03-24,205.49,1000,2.21495
"BANCO DO ESTADO DO RIO GRANDE DO SUL SA","Current","PN",2000-03-23,3.58,1000,"DIVIDENDO",2000-03-23,2000-03-23,462.98,1000,0.773252
"BANCO DO ESTADO DO RIO GRANDE DO SUL SA","Current","PN",2000-03-23,0.14,1000,"RENDIMENTO",2000-03-23,2000-03-23,462.98,1000,0.030239
"BANCO DO ESTADO DO RIO GRANDE DO SUL SA","Current","PN",2000-03-23,4.27,1000,"JRS CAP PROPRIO",2000-03-23,2000-03-23,462.98,1000,0.922286
"BANCO DO ESTADO DO RIO GRANDE DO SUL SA","Current","PN",2000-03-23,0.17,1000,"RENDIMENTO",2000-03-23,2000-03-23,462.98,1000,0.036719
"BANCO DO ESTADO DO RIO GRANDE DO SUL SA","Current","PN",2001-03-23,1.67,1,"JRS CAP PROPRIO",2001-03-23,2001-03-23,48.49,1,3.444009
"BANCO DO ESTADO DO RIO GRANDE DO SUL SA","Current","PN",2001-03-23,0.57,1,"DIVIDENDO",2001-03-23,2001-03-23,48.49,1,1.1755
"BANCO DO ESTADO DO RIO GRANDE DO SUL SA","Current","PN",2001-03-23,0.07,1,"RENDIMENTO",2001-03-23,2001-03-23,48.49,1,0.14436
"BANCO DO ESTADO DO RIO GRANDE DO SUL SA","Current","PN",2001-06-29,1.02,1,"JRS CAP PROPRIO",2001-06-29,2001-06-29,53.99,1,1.889239
"BANCO DO ESTADO DO RIO GRANDE DO SUL SA","Current","PN",2001-08-03,0.03,1,"DIVIDENDO",2001-08-03,2001-08-03,52.92,1,0.056689
"BANCO DO ESTADO DO RIO GRANDE DO SUL SA","Current","PN",2002-03-22,0.89,1,"JRS CAP PROPRIO",2002-03-22,2002-03-22,58.4,1,1.523973
"BANCO DO ESTADO DO RIO GRANDE DO SUL SA","Current","PN",2002-03-22,1.3,1,"DIVIDENDO",2002-03-22,2002-03-22,58.4,1,2.226027
"BANCO DO ESTADO DO RIO GRANDE DO SUL SA","Current","PN",2002-03-22,0.09,1,"RENDIMENTO",2002-03-22,2002-03-22,58.4,1,0.15411
"BANCO DO ESTADO DO RIO GRANDE DO SUL SA","Current","PN",2002-10-31,1,1,"JRS CAP PROPRIO",2002-11-12,2002-11-12,43.12,1,2.319109
"BANCO DO ESTADO DO RIO GRANDE DO SUL SA","Current","PN",2003-03-27,1,1,"JRS CAP PROPRIO",2003-03-27,2003-03-27,47.4,1,2.109705
"BANCO DO ESTADO DO RIO GRANDE DO SUL SA","Current","PN",2003-03-27,0.06,1,"RENDIMENTO",2003-03-27,2003-03-27,47.4,1,0.126582
"BANCO DO ESTADO DO RIO GRANDE DO SUL SA","Current","PN",2003-03-27,0.53,1,"DIVIDENDO",2003-03-27,2003-03-27,47.4,1,1.118143
"BANCO DO ESTADO DO RIO GRANDE DO SUL SA","Current","PN",2003-03-27,0.03,1,"RENDIMENTO",2003-03-27,2003-03-27,47.4,1,0.063291
"BANCO DO ESTADO DO RIO GRANDE DO SUL SA","Current","PN",2003-11-13,2.99,1,"JRS CAP PROPRIO",2003-11-25,2003-11-25,69.52,1,4.300921
"BANCO DO ESTADO DO RIO GRANDE DO SUL SA","Current","PN",2003-11-13,0.01,1,"RENDIMENTO",2003-11-25,2003-11-25,69.52,1,0.014384
"BANCO DO ESTADO DO RIO GRANDE DO SUL SA","Current","PN",2004-03-29,1.15,1,"JRS CAP PROPRIO",2004-03-29,2004-03-29,82.65,1,1.39141
"BANCO DO ESTADO DO RIO GRANDE DO SUL SA","Current","PN",2004-03-29,0.04,1,"RENDIMENTO",2004-03-29,2004-03-29,82.65,1,0.048397
"BANCO DO ESTADO DO RIO GRANDE DO SUL SA","Current","PN",2004-03-29,1,1,"DIVIDENDO",2004-03-29,2004-03-29,82.65,1,1.209921
"BANCO DO ESTADO DO RIO GRANDE DO SUL SA","Current","PN",2004-03-29,0.04,1,"RENDIMENTO",2004-03-29,2004-03-29,82.65,1,0.048397
"BANCO DO ESTADO DO RIO GRANDE DO SUL SA","Current","PN",2004-09-17,2.99,1,"JRS CAP PROPRIO",2004-09-30,2004-09-30,93.84,1,3.186275
"BANCO DO ESTADO DO RIO GRANDE DO SUL SA","Current","PN",2004-09-17,0.01,1,"RENDIMENTO",2004-09-30,2004-09-30,93.84,1,0.010656
"BANCO DO ESTADO DO RIO GRANDE DO SUL SA","Current","PN",2005-03-31,0.6,1,"DIVIDENDO",2005-03-31,2005-03-31,103.15,1,0.581677
"BANCO DO ESTADO DO RIO GRANDE DO SUL SA","Current","PN",2005-03-31,1,1,"JRS CAP PROPRIO",2005-03-31,2005-03-31,103.15,1,0.969462
"BANCO DO ESTADO DO RIO GRANDE DO SUL SA","Current","PN",2005-03-31,0.0681,1,"RENDIMENTO",2005-03-31,2005-03-31,103.15,1,0.06602
"BANCO DO ESTADO DO RIO GRANDE DO SUL SA","Current","PN",2005-06-17,2,1,"JRS CAP PROPRIO",2005-06-30,2005-06-30,107.3,1,1.863933
"BANCO DO ESTADO DO RIO GRANDE DO SUL SA","Current","PN",2005-06-30,1e-10,1,"RENDIMENTO",2005-06-30,2005-06-30,107.3,1,0
"BANCO DO ESTADO DO RIO GRANDE DO SUL SA","Current","PN",2005-12-16,0.4999999999,1,"JRS CAP PROPRIO",2005-12-29,2005-12-29,37.21,1,1.343725
"BANCO DO ESTADO DO RIO GRANDE DO SUL SA","Current","PN",2005-12-16,1e-10,1,"RENDIMENTO",2005-12-29,2005-12-29,37.21,1,0
"BANCO DO ESTADO DO RIO GRANDE DO SUL SA","Current","PN",2006-04-03,0.25,1,"JRS CAP PROPRIO",2006-04-03,2006-04-03,44.25,1,0.564972
"BANCO DO ESTADO DO RIO GRANDE DO SUL SA","Current","PN",2006-04-03,0.35,1,"DIVIDENDO",2006-04-03,2006-04-03,44.25,1,0.79096
"BANCO DO ESTADO DO RIO GRANDE DO SUL SA","Current","PN",2006-04-03,0.0247,1,"RENDIMENTO",2006-04-03,2006-04-03,44.25,1,0.055819
"BANCO DO ESTADO DO RIO GRANDE DO SUL SA","Current","PN",2006-10-20,1,1,"JRS CAP PROPRIO",2006-10-31,2006-10-31,43,1,2.325581
"BANCO DO ESTADO DO RIO GRANDE DO SUL SA","Current","PN",2006-12-15,0.45,1,"JRS CAP PROPRIO",2006-12-28,2006-12-28,49.8,1,0.903614
"BANCO DO ESTADO DO RIO GRANDE DO SUL SA","Current","PN",2006-12-15,1e-10,1,"RENDIMENTO",2006-12-28,2006-12-28,49.8,1,0
"BANCO DO ESTADO DO RIO GRANDE DO SUL SA","Current","PN",2007-04-02,0.35,1,"DIVIDENDO",2007-04-02,2007-04-02,46.02,1,0.760539
"BANCO DO ESTADO DO RIO GRANDE DO SUL SA","Current","PN",2007-04-02,0.0106,1,"RENDIMENTO",2007-04-02,2007-04-02,46.02,1,0.023033
"BANCO DO ESTADO DO RIO GRANDE DO SUL SA","Current","PN",2007-07-25,0.5,1,"JRS CAP PROPRIO",2007-08-17,2007-08-17,46.4,1,1.077586
"BANCO DO ESTADO DO RIO GRANDE DO SUL SA","Current","PN",2007-10-05,0.5,1,"JRS CAP PROPRIO",2007-10-05,2007-10-05,61.65,1,0.81103
"BANCO DO ESTADO DO RIO GRANDE DO SUL SA","Current","PN",2007-12-27,0.3,1,"JRS CAP PROPRIO",2008-01-11,2008-01-11,81.56,1,0.367827
"BANCO DO ESTADO DO RIO GRANDE DO SUL SA","Current","PN",2007-12-27,0.001,1,"RENDIMENTO",2008-01-11,2008-01-11,81.56,1,0.001226
"BANCO DO ESTADO DO RIO GRANDE DO SUL SA","Current","PN",2008-04-04,0.15,1,"JRS CAP PROPRIO",2008-04-04,2008-04-04,79,1,0.189873
"BANCO DO ESTADO DO RIO GRANDE DO SUL SA","Current","PN",2008-04-04,0.0039,1,"RENDIMENTO",2008-04-04,2008-04-04,79,1,0.004937
"BANCO DO ESTADO DO RIO GRANDE DO SUL SA","Current","PN",2008-04-04,0.05,1,"DIVIDENDO",2008-04-04,2008-04-04,79,1,0.063291
"BANCO DO ESTADO DO RIO GRANDE DO SUL SA","Current","PN",2008-04-04,0.0013,1,"RENDIMENTO",2008-04-04,2008-04-04,79,1,0.001646
"BANCO DO ESTADO DO RIO GRANDE DO SUL SA","Current","PN",2008-12-19,0.8,1,"JRS CAP PROPRIO",2008-12-26,2008-12-26,22.8,1,3.508772
"BANCO DO ESTADO DO RIO GRANDE DO SUL SA","Current","PN",2009-04-08,0.33,1,"DIVIDENDO",2009-04-08,2009-04-08,29.88,1,1.104418
"BANCO DO ESTADO DO RIO GRANDE DO SUL SA","Current","PN",2009-04-08,0.0104,1,"RENDIMENTO",2009-04-08,2009-04-08,29.88,1,0.034806
"BANCO DO ESTADO DO RIO GRANDE DO SUL SA","Current","PN",2009-06-24,0.3,1,"JRS CAP PROPRIO",2009-07-03,2009-07-03,31.01,1,0.96743
"BANCO DO ESTADO DO RIO GRANDE DO SUL SA","Current","PN",2009-09-21,0.2,1,"JRS CAP PROPRIO",2009-09-30,2009-09-30,35,1,0.571429
"BANCO DO ESTADO DO RIO GRANDE DO SUL SA","Current","PN",2009-12-17,0.2,1,"JRS CAP PROPRIO",2009-12-18,2009-12-18,36.58,1,0.546747
"BANCO DO ESTADO DO RIO GRANDE DO SUL SA","Current","PN",2010-04-22,0.13,1,"DIVIDENDO",2010-04-22,2010-04-22,33.86,1,0.383934
"BANCO DO ESTADO DO RIO GRANDE DO SUL SA","Current","PN",2010-04-22,0.0032,1,"RENDIMENTO",2010-04-22,2010-04-22,33.86,1,0.009451
"BANCO DO ESTADO DO RIO GRANDE DO SUL SA","Current","PN",2010-04-22,0.1172,1,"JRS CAP PROPRIO",2010-04-22,2010-04-22,33.86,1,0.346131
"BANCO DO ESTADO DO RIO GRANDE DO SUL SA","Current","PN",2010-04-22,0.0029,1,"RENDIMENTO",2010-04-22,2010-04-22,33.86,1,0.008565
"BANCO DO ESTADO DO RIO GRANDE DO SUL SA","Current","PN",2010-05-14,0.2,1,"JRS CAP PROPRIO",2010-05-21,2010-05-21,27.58,1,0.725163
"BANCO DO ESTADO DO RIO GRANDE DO SUL SA","Current","PN",2010-07-16,0.2,1,"JRS CAP PROPRIO",2010-07-30,2010-07-30,27.85,1,0.718133
"BANCO DO ESTADO DO RIO GRANDE DO SUL SA","Current","PN",2010-10-22,0.14,1,"JRS CAP PROPRIO",2010-11-01,2010-11-01,26.49,1,0.528501
"BANCO DO ESTADO DO RIO GRANDE DO SUL SA","Current","PN",2010-12-10,0.2,1,"JRS CAP PROPRIO",2010-12-21,2010-12-21,25.77,1,0.776096
"BANCO DO ESTADO DO RIO GRANDE DO SUL SA","Current","PN",2011-03-21,0.1493,1,"JRS CAP PROPRIO",2011-03-21,2011-03-21,28.13,1,0.53075
"BANCO DO ESTADO DO RIO GRANDE DO SUL SA","Current","PN",2011-03-21,0.00342,1,"RENDIMENTO",2011-03-21,2011-03-21,28.13,1,0.012158
"BANCO DO ESTADO DO RIO GRANDE DO SUL SA","Current","PN",2011-04-28,0.12,1,"DIVIDENDO",2011-04-28,2011-04-28,25.45,1,0.471513
"BANCO DO ESTADO DO RIO GRANDE DO SUL SA","Current","PN",2011-04-28,0.0042,1,"RENDIMENTO",2011-04-28,2011-04-28,25.45,1,0.016503
"BANCO DO ESTADO DO RIO GRANDE DO SUL SA","Current","PN",2011-04-29,0.2,1,"JRS CAP PROPRIO",2011-05-11,2011-05-11,24.01,1,0.832986
"BANCO DO ESTADO DO RIO GRANDE DO SUL SA","Current","PN",2011-07-22,0.2,1,"JRS CAP PROPRIO",2011-08-02,2011-08-02,23.17,1,0.863185
"BANCO DO ESTADO DO RIO GRANDE DO SUL SA","Current","PN",2011-10-28,0.2,1,"JRS CAP PROPRIO",2011-11-11,2011-11-11,21.96,1,0.910747
"BANCO DO ESTADO DO RIO GRANDE DO SUL SA","Current","PN",2011-12-22,0.2,1,"JRS CAP PROPRIO",2012-01-02,2012-01-02,21.73,1,0.920387
"BANCO DO ESTADO DO RIO GRANDE DO SUL SA","Current","PN",2012-03-19,0.12,1,"DIVIDENDO",2012-03-19,2012-03-19,24.51,1,0.489596
"BANCO DO ESTADO DO RIO GRANDE DO SUL SA","Current","PN",2012-03-19,0.00267,1,"RENDIMENTO",2012-03-19,2012-03-19,24.51,1,0.010894
"BANCO DO ESTADO DO RIO GRANDE DO SUL SA","Current","PN",2012-04-27,0.2,1,"JRS CAP PROPRIO",2012-05-11,2012-05-11,19.53,1,1.024066
"BANCO DO ESTADO DO RIO GRANDE DO SUL SA","Current","PN",2013-04-29,0.38,1,"JRS CAP PROPRIO",2013-04-29,2013-04-29,20.35,1,1.867322
"BANCO DO ESTADO DO RIO GRANDE DO SUL SA","Current","PN",2013-04-29,0.00854,1,"RENDIMENTO",2013-04-29,2013-04-29,20.35,1,0.041966
"BANCO DO ESTADO DO RIO GRANDE DO SUL SA","Current","PN",2013-04-29,0.38,1,"JRS CAP PROPRIO",2013-04-29,2013-04-29,20.35,1,1.867322
"BANCO DO ESTADO DO RIO GRANDE DO SUL SA","Current","PN",2013-04-29,0.00854,1,"RENDIMENTO",2013-04-29,2013-04-29,20.35,1,0.041966
"BANCO DO ESTADO DO RIO GRANDE DO SUL SA","Current","PN",2014-04-02,0.9672,1,"JRS CAP PROPRIO",2014-04-02,2014-04-02,16.56,1,5.84058
"BANCO DO ESTADO DO RIO GRANDE DO SUL SA","Current","PN",2014-04-02,0.03037,1,"RENDIMENTO",2014-04-02,2014-04-02,16.56,1,0.183394
"PETRÓLEO BRASILEIRO  S.A.  - PETROBRAS","Current","ON",1996-02-13,1.0485,1000,"DIVIDENDO",1996-02-14,1996-02-13,53,1000,1.978302
"PETRÓLEO BRASILEIRO  S.A.  - PETROBRAS","Current","ON",1996-08-15,0.73869,1000,"DIVIDENDO",1996-08-20,1996-08-20,53.5,1000,1.380729
"PETRÓLEO BRASILEIRO  S.A.  - PETROBRAS","Current","ON",1999-12-16,0.365854,1000,"JRS CAP PROPRIO",1999-12-17,1999-12-14,7.01,1000,5.21903
"PETRÓLEO BRASILEIRO  S.A.  - PETROBRAS","Current","ON",1999-12-16,0.3658,1000,"JRS CAP PROPRIO",2000-01-06,1999-12-27,9,1000,4.064444
"PETRÓLEO BRASILEIRO  S.A.  - PETROBRAS","Current","ON",2000-12-12,1.2981,1000,"JRS CAP PROPRIO",2000-12-13,2000-10-13,7.5,1000,17.308
"PETRÓLEO BRASILEIRO  S.A.  - PETROBRAS","Current","ON",2001-10-23,1.22109,1000,"JRS CAP PROPRIO",2001-10-24,2001-09-05,10,1000,12.2109
"PETRÓLEO BRASILEIRO  S.A.  - PETROBRAS","Current","ON",2002-03-21,0.6816,1000,"JRS CAP PROPRIO",2002-03-21,2001-12-27,19.7,1000,3.459898
"PETRÓLEO BRASILEIRO  S.A.  - PETROBRAS","Current","ON",2002-04-23,0.5842,1000,"JRS CAP PROPRIO",2002-04-23,NA,19.0184,1000,3.071762
"PETRÓLEO BRASILEIRO  S.A.  - PETROBRAS","Current","ON",2002-11-01,0.256429,1000,"JRS CAP PROPRIO",2002-11-01,2002-07-30,11,1000,2.331173
"PETRÓLEO BRASILEIRO  S.A.  - PETROBRAS","Current","ON",2003-03-19,1.217228,1000,"JRS CAP PROPRIO",2003-03-19,2003-01-24,20,1000,6.08614
"PETRÓLEO BRASILEIRO  S.A.  - PETROBRAS","Current","ON",2003-03-25,0.243445,1000,"JRS CAP PROPRIO",2003-03-25,NA,18.782772,1000,1.296108
"PETRÓLEO BRASILEIRO  S.A.  - PETROBRAS","Current","ON",2003-10-22,0.343142,1000,"JRS CAP PROPRIO",2003-10-22,2003-10-07,15.4,1000,2.228195
"PETRÓLEO BRASILEIRO  S.A.  - PETROBRAS","Current","ON",2003-12-10,2.643123745,1000,"JRS CAP PROPRIO",2003-12-10,2003-12-01,15.81,1000,16.71805
"PETRÓLEO BRASILEIRO  S.A.  - PETROBRAS","Current","ON",2003-12-19,0.018223643,1000,"JRS CAP PROPRIO",2003-12-19,NA,13.1668762,1000,0.138405
"PETRÓLEO BRASILEIRO  S.A.  - PETROBRAS","Current","ON",2004-03-25,1.79222,1000,"JRS CAP PROPRIO",2004-03-25,2004-02-18,20,1000,8.9611
"PETRÓLEO BRASILEIRO  S.A.  - PETROBRAS","Current","ON",2005-02-15,1.56556,1000,"JRS CAP PROPRIO",2005-02-15,2005-02-15,32.99,1000,4.745559
"PETRÓLEO BRASILEIRO  S.A.  - PETROBRAS","Current","ON",2005-03-23,0.59122,1000,"JRS CAP PROPRIO",2005-03-23,2005-03-21,37,1000,1.597892
"PETRÓLEO BRASILEIRO  S.A.  - PETROBRAS","Current","ON",2005-08-23,0.23787486,1000,"JRS CAP PROPRIO",2005-08-23,2005-08-10,36.5,1000,0.651712
"PETRÓLEO BRASILEIRO  S.A.  - PETROBRAS","Current","ON",2005-12-29,3.10092901,1000,"JRS CAP PROPRIO",2005-12-29,2005-12-29,34,1000,9.120379
"PETRÓLEO BRASILEIRO  S.A.  - PETROBRAS","Current","ON",2006-03-20,0.97378243,1000,"JRS CAP PROPRIO",2006-03-20,2006-03-17,42,1000,2.31853
"PETRÓLEO BRASILEIRO  S.A.  - PETROBRAS","Current","ON",2006-03-24,0.9341293,1000,"JRS CAP PROPRIO",2006-03-24,NA,41.0262175,1000,2.276908
"PETRÓLEO BRASILEIRO  S.A.  - PETROBRAS","Current","ON",2006-05-18,0.47321816,1000,"JRS CAP PROPRIO",2006-05-18,2006-05-18,52,1000,0.910035
"PETRÓLEO BRASILEIRO  S.A.  - PETROBRAS","Current","ON",2006-12-06,2.55038256,1000,"JRS CAP PROPRIO",2006-12-06,2006-12-05,79.98,1000,3.188775
"PETRÓLEO BRASILEIRO  S.A.  - PETROBRAS","Current","ON",2007-04-10,1.929016628,1000,"JRS CAP PROPRIO",2007-04-10,2007-04-10,92,1000,2.096757
"PETRÓLEO BRASILEIRO  S.A.  - PETROBRAS","Current","ON",2007-06-28,0.328372948,1000,"JRS CAP PROPRIO",2007-06-28,2007-06-27,173,1000,0.189811
"PETRÓLEO BRASILEIRO  S.A.  - PETROBRAS","Current","ON",2007-12-14,0.1747053,1,"DIVIDENDO",2007-12-14,2007-12-13,10.02,1,1.743566
"PETRÓLEO BRASILEIRO  S.A.  - PETROBRAS","Current","ON",2008-03-25,0.323616,1,"DIVIDENDO",2008-03-25,2008-03-25,9.5,1,3.406484
"PETRÓLEO BRASILEIRO  S.A.  - PETROBRAS","Current","ON",2008-05-06,0.104451,1,"JRS CAP PROPRIO",2008-05-07,2008-05-06,11.6,1,0.90044
"PETRÓLEO BRASILEIRO  S.A.  - PETROBRAS","Current","ON",2008-05-06,0.10119419,1,"JRS CAP PROPRIO",2008-06-09,2008-06-06,10.91,1,0.927536
"PETRÓLEO BRASILEIRO  S.A.  - PETROBRAS","Current","ON",2008-05-06,0.10250773,1,"JRS CAP PROPRIO",2008-09-09,2008-09-04,8,1,1.281347
"PETRÓLEO BRASILEIRO  S.A.  - PETROBRAS","Current","ON",2008-05-06,0.103777301,1,"JRS CAP PROPRIO",2008-12-12,2008-12-12,7.37,1,1.408104
"PETRÓLEO BRASILEIRO  S.A.  - PETROBRAS","Current","ON",2008-05-06,0.11519259,1,"JRS CAP PROPRIO",2009-03-11,2009-03-11,7.22,1,1.595465
"PETRÓLEO BRASILEIRO  S.A.  - PETROBRAS","Current","ON",2008-05-06,0.11403781,1,"JRS CAP PROPRIO",2009-09-01,2009-08-26,9.81,1,1.162465
"PETRÓLEO BRASILEIRO  S.A.  - PETROBRAS","Current","ON",2008-05-06,0.11547232,1,"JRS CAP PROPRIO",2009-12-01,2009-12-01,11.9,1,0.970356
"PETRÓLEO BRASILEIRO  S.A.  - PETROBRAS","Current","ON",2008-05-06,0.12272245,1,"JRS CAP PROPRIO",2010-03-05,2010-03-05,13.43,1,0.913793
"PETRÓLEO BRASILEIRO  S.A.  - PETROBRAS","Current","ON",2008-05-06,0.12606184,1,"JRS CAP PROPRIO",2010-09-01,2010-08-31,15,1,0.840412
"PETRÓLEO BRASILEIRO  S.A.  - PETROBRAS","Current","ON",2008-05-06,0.14065488,1,"JRS CAP PROPRIO",2011-05-20,2011-05-13,13.59,1,1.034988
"PETRÓLEO BRASILEIRO  S.A.  - PETROBRAS","Current","ON",2008-05-06,0.14869605,1,"JRS CAP PROPRIO",2012-09-03,2012-08-23,14.05,1,1.058335
"PETRÓLEO BRASILEIRO  S.A.  - PETROBRAS","Current","ON",2008-05-06,0.15183675,1,"JRS CAP PROPRIO",2012-11-26,2012-11-22,12.31,1,1.233442
"PETRÓLEO BRASILEIRO  S.A.  - PETROBRAS","Current","ON",2008-05-06,0.14733418,1,"JRS CAP PROPRIO",2013-03-04,2013-02-28,16.3,1,0.903891
"PETRÓLEO BRASILEIRO  S.A.  - PETROBRAS","Current","ON",2008-05-06,0.14853202,1,"JRS CAP PROPRIO",2013-06-04,2013-05-29,14.55,1,1.020839
"PETRÓLEO BRASILEIRO  S.A.  - PETROBRAS","Current","ON",2008-05-06,0.1509277,1,"JRS CAP PROPRIO",2013-09-03,2013-09-02,14.4,1,1.048109
"PETRÓLEO BRASILEIRO  S.A.  - PETROBRAS","Current","ON",2008-05-06,0.15208347,1,"JRS CAP PROPRIO",2013-11-22,2013-11-22,13.4,1,1.134951
"PETRÓLEO BRASILEIRO  S.A.  - PETROBRAS","Current","ON",2008-05-06,0.16168819,1,"JRS CAP PROPRIO",2014-02-25,2014-01-14,12.2,1,1.325313
"PETRÓLEO BRASILEIRO  S.A.  - PETROBRAS","Current","ON",2008-05-06,0.1656318,1,"JRS CAP PROPRIO",2014-09-03,2014-08-20,13.3,1,1.245352
"PETRÓLEO BRASILEIRO  S.A.  - PETROBRAS","Current","ON",2008-05-06,0.1668856,1,"JRS CAP PROPRIO",2014-11-25,2014-11-06,13.8,1,1.209316
"PETRÓLEO BRASILEIRO  S.A.  - PETROBRAS","Current","ON",2008-05-06,0.18825522,1,"JRS CAP PROPRIO",2015-03-04,2015-02-19,10.14,1,1.85656
"PETRÓLEO BRASILEIRO  S.A.  - PETROBRAS","Current","ON",2008-05-06,0.2063835,1,"JRS CAP PROPRIO",2015-06-02,2015-06-01,9.11,1,2.265461
"PETRÓLEO BRASILEIRO  S.A.  - PETROBRAS","Current","ON",2008-05-06,0.2480045,1,"JRS CAP PROPRIO",2015-12-03,2015-11-30,10.49,1,2.364199
"PETRÓLEO BRASILEIRO  S.A.  - PETROBRAS","Current","ON",2008-05-06,0.18632828,1,"JRS CAP PROPRIO",2016-03-10,2016-03-08,8,1,2.329104
"PETRÓLEO BRASILEIRO  S.A.  - PETROBRAS","Current","ON",2008-05-06,0.18784315,1,"JRS CAP PROPRIO",2016-06-13,2016-06-09,8.31,1,2.260447
"PETRÓLEO BRASILEIRO  S.A.  - PETROBRAS","Current","ON",2009-03-31,0.09411674,1,"DIVIDENDO",2009-03-31,2009-03-30,7.45,1,1.263312
"PETRÓLEO BRASILEIRO  S.A.  - PETROBRAS","Current","ON",2009-05-06,0.11741434,1,"JRS CAP PROPRIO",2009-06-05,2009-06-02,8.5,1,1.381345
"PETRÓLEO BRASILEIRO  S.A.  - PETROBRAS","Current","ON",2010-04-30,0.06452758,1,"DIVIDENDO",2010-04-30,2010-04-29,12.51,1,0.515808
"PETRÓLEO BRASILEIRO  S.A.  - PETROBRAS","Current","ON",2010-06-04,0.12439214,1,"JRS CAP PROPRIO",2010-06-04,2010-06-01,11,1,1.130838
"PETRÓLEO BRASILEIRO  S.A.  - PETROBRAS","Current","ON",2010-12-01,0.12766351,1,"JRS CAP PROPRIO",2010-12-01,2010-11-30,16,1,0.797897
"PETRÓLEO BRASILEIRO  S.A.  - PETROBRAS","Current","ON",2010-12-10,0.15879164,1,"DIVIDENDO",2010-12-15,2010-12-15,15.5,1,1.024462
"PETRÓLEO BRASILEIRO  S.A.  - PETROBRAS","Current","ON",2011-03-04,0.1387669,1,"JRS CAP PROPRIO",2011-03-04,2011-03-03,14.5,1,0.957013
"PETRÓLEO BRASILEIRO  S.A.  - PETROBRAS","Current","ON",2011-04-29,0.0570303735,1,"DIVIDENDO",2011-04-29,2011-04-25,15.67,1,0.363946
"PETRÓLEO BRASILEIRO  S.A.  - PETROBRAS","Current","ON",2011-09-01,0.14254287,1,"JRS CAP PROPRIO",2011-09-01,2011-08-24,13.59,1,1.048881
"PETRÓLEO BRASILEIRO  S.A.  - PETROBRAS","Current","ON",2011-11-22,0.14434502,1,"JRS CAP PROPRIO",2011-11-22,2011-11-11,15.5,1,0.931258
"PETRÓLEO BRASILEIRO  S.A.  - PETROBRAS","Current","ON",2011-12-14,0.14657944,1,"DIVIDENDO",2011-12-14,2011-12-13,16.35,1,0.89651
"PETRÓLEO BRASILEIRO  S.A.  - PETROBRAS","Current","ON",2012-03-02,0.15839358,1,"JRS CAP PROPRIO",2012-03-02,2012-03-01,18,1,0.879964
"PETRÓLEO BRASILEIRO  S.A.  - PETROBRAS","Current","ON",2012-04-30,0.16286427,1,"DIVIDENDO",2012-04-30,2012-04-10,17,1,0.958025
"PETRÓLEO BRASILEIRO  S.A.  - PETROBRAS","Current","ON",2012-06-04,0.16054863,1,"JRS CAP PROPRIO",2012-06-04,NA,16.8371357,1,0.953539
"PETRÓLEO BRASILEIRO  S.A.  - PETROBRAS","Current","ON",2012-12-11,0.09772096,1,"DIVIDENDO",2012-12-18,2012-12-17,12.6,1,0.775563
"PETRÓLEO BRASILEIRO  S.A.  - PETROBRAS","Current","ON",2013-04-30,0.08081094,1,"DIVIDENDO",2013-04-30,2013-04-30,15.4,1,0.524746
"PETRÓLEO BRASILEIRO  S.A.  - PETROBRAS","Current","ON",2014-04-30,0.16955041,1,"DIVIDENDO",2014-04-30,2014-04-29,11.96,1,1.417646
"PETRÓLEO BRASILEIRO  S.A.  - PETROBRAS","Current","ON",2014-06-04,0.16300273,1,"JRS CAP PROPRIO",2014-06-04,2014-05-30,10.8,1,1.509285
"PETRÓLEO BRASILEIRO  S.A.  - PETROBRAS","Current","ON",2015-04-30,0.02938229,1,"DIVIDENDO",2015-04-30,2015-04-30,10.01,1,0.293529
"PETRÓLEO BRASILEIRO  S.A.  - PETROBRAS","Current","ON",2015-09-09,0.22869523,1,"JRS CAP PROPRIO",2015-09-09,2015-09-08,6.8,1,3.363165
"PETRÓLEO BRASILEIRO  S.A.  - PETROBRAS","Current","ON",2016-09-01,0.19087287,1,"JRS CAP PROPRIO",2016-09-06,2016-09-06,12.55,1,1.520899
"PETRÓLEO BRASILEIRO  S.A.  - PETROBRAS","Current","ON",2016-12-09,0.04156739,1,"JRS CAP PROPRIO",2016-12-14,2016-11-30,11.83,1,0.351373
"PETRÓLEO BRASILEIRO  S.A.  - PETROBRAS","Current","ON",2017-03-08,0.19820569,1,"JRS CAP PROPRIO",2017-03-13,2017-03-13,26.47,1,0.748794
"PETRÓLEO BRASILEIRO  S.A.  - PETROBRAS","Current","ON",2017-04-28,0.04077776,1,"DIVIDENDO",2017-05-04,2017-05-04,19.3,1,0.211284
"PETRÓLEO BRASILEIRO  S.A.  - PETROBRAS","Current","ON",2017-05-10,0.19981712,1,"JRS CAP PROPRIO",2017-05-15,2017-05-15,20.99,1,0.951963
"PETRÓLEO BRASILEIRO  S.A.  - PETROBRAS","Current","ON",2017-08-09,0.20303997,1,"JRS CAP PROPRIO",2017-08-14,2017-08-14,19.49,1,1.041765
"PETRÓLEO BRASILEIRO  S.A.  - PETROBRAS","Current","PN",1996-02-13,1.0485,1000,"DIVIDENDO",1996-02-14,1996-02-13,55,1000,1.906364
"PETRÓLEO BRASILEIRO  S.A.  - PETROBRAS","Current","PN",1996-08-15,0.73869,1000,"DIVIDENDO",1996-08-20,1996-08-19,37.5,1000,1.96984
"PETRÓLEO BRASILEIRO  S.A.  - PETROBRAS","Current","PN",1999-12-16,0.365854,1000,"JRS CAP PROPRIO",1999-12-17,1999-12-13,8.1,1000,4.516716
"PETRÓLEO BRASILEIRO  S.A.  - PETROBRAS","Current","PN",1999-12-16,0.3658,1000,"JRS CAP PROPRIO",2000-01-06,2000-01-05,7.16,1000,5.108939
"PETRÓLEO BRASILEIRO  S.A.  - PETROBRAS","Current","PN",2000-12-12,1.3581,1000,"JRS CAP PROPRIO",2000-12-13,2000-10-05,9,1000,15.09
"PETRÓLEO BRASILEIRO  S.A.  - PETROBRAS","Current","PN",2001-10-23,1.27117,1000,"JRS CAP PROPRIO",2001-10-24,2001-09-28,11,1000,11.556091
"PETRÓLEO BRASILEIRO  S.A.  - PETROBRAS","Current","PN",2002-03-21,0.6816,1000,"JRS CAP PROPRIO",2002-03-21,2002-03-19,20,1000,3.408
"PETRÓLEO BRASILEIRO  S.A.  - PETROBRAS","Current","PN",2002-04-23,0.5842,1000,"JRS CAP PROPRIO",2002-04-23,NA,19.3184,1000,3.02406
"PETRÓLEO BRASILEIRO  S.A.  - PETROBRAS","Current","PN",2002-11-01,0.332708,1000,"JRS CAP PROPRIO",2002-11-01,2002-07-18,16,1000,2.079425
"PETRÓLEO BRASILEIRO  S.A.  - PETROBRAS","Current","PN",2003-03-19,1.217228,1000,"JRS CAP PROPRIO",2003-03-19,2002-11-20,11,1000,11.065709
"PETRÓLEO BRASILEIRO  S.A.  - PETROBRAS","Current","PN",2003-03-25,0.243445,1000,"JRS CAP PROPRIO",2003-03-25,NA,9.782772,1000,2.488507
"PETRÓLEO BRASILEIRO  S.A.  - PETROBRAS","Current","PN",2003-10-22,0.435883,1000,"JRS CAP PROPRIO",2003-10-22,2003-10-13,14.5,1000,3.00609
"PETRÓLEO BRASILEIRO  S.A.  - PETROBRAS","Current","PN",2003-12-10,2.907436119,1000,"JRS CAP PROPRIO",2003-12-10,2003-12-10,20,1000,14.537181
"PETRÓLEO BRASILEIRO  S.A.  - PETROBRAS","Current","PN",2003-12-19,0.020046007,1000,"JRS CAP PROPRIO",2003-12-19,NA,17.0925638,1000,0.117279
"PETRÓLEO BRASILEIRO  S.A.  - PETROBRAS","Current","PN",2004-03-25,1.88381,1000,"JRS CAP PROPRIO",2004-03-25,2004-03-25,24.99,1000,7.538255
"PETRÓLEO BRASILEIRO  S.A.  - PETROBRAS","Current","PN",2005-02-15,1.61841,1000,"JRS CAP PROPRIO",2005-02-15,2005-02-15,37,1000,4.374081
"PETRÓLEO BRASILEIRO  S.A.  - PETROBRAS","Current","PN",2005-03-23,0.65034,1000,"JRS CAP PROPRIO",2005-03-23,2005-03-18,32,1000,2.032313
"PETRÓLEO BRASILEIRO  S.A.  - PETROBRAS","Current","PN",2005-08-23,0.25388526,1000,"JRS CAP PROPRIO",2005-08-23,2005-08-23,31,1000,0.818985
"PETRÓLEO BRASILEIRO  S.A.  - PETROBRAS","Current","PN",2005-12-29,3.41102191,1000,"JRS CAP PROPRIO",2005-12-29,2005-12-29,36.49,1000,9.347827
"PETRÓLEO BRASILEIRO  S.A.  - PETROBRAS","Current","PN",2006-03-20,0.97378243,1000,"JRS CAP PROPRIO",2006-03-20,2006-03-20,42,1000,2.31853
"PETRÓLEO BRASILEIRO  S.A.  - PETROBRAS","Current","PN",2006-03-24,1.01343556,1000,"JRS CAP PROPRIO",2006-03-24,2006-03-23,41.6,1000,2.436143
"PETRÓLEO BRASILEIRO  S.A.  - PETROBRAS","Current","PN",2006-05-18,0.50056427,1000,"JRS CAP PROPRIO",2006-05-18,2006-05-18,45,1000,1.112365
"PETRÓLEO BRASILEIRO  S.A.  - PETROBRAS","Current","PN",2006-12-06,2.80542082,1000,"JRS CAP PROPRIO",2006-12-06,2006-12-06,74,1000,3.791109
"PETRÓLEO BRASILEIRO  S.A.  - PETROBRAS","Current","PN",2007-04-10,1.990457662,1000,"JRS CAP PROPRIO",2007-04-10,2007-04-10,95,1000,2.095219
"PETRÓLEO BRASILEIRO  S.A.  - PETROBRAS","Current","PNA",2007-06-28,0.490474698,1000,"JRS CAP PROPRIO",2007-06-28,2007-06-28,140,1000,0.350339
"PETRÓLEO BRASILEIRO  S.A.  - PETROBRAS","Current","PNA",2007-12-14,0.19217583,1,"DIVIDENDO",2007-12-14,2007-12-14,11.11,1,1.729755
"PETRÓLEO BRASILEIRO  S.A.  - PETROBRAS","Current","PNA",2008-03-25,0.3559776,1,"DIVIDENDO",2008-03-25,2008-03-24,9,1,3.955307
"PETRÓLEO BRASILEIRO  S.A.  - PETROBRAS","Current","PNA",2008-05-06,0.104451,1,"JRS CAP PROPRIO",2008-05-07,2008-05-06,9.51,1,1.098328
"PETRÓLEO BRASILEIRO  S.A.  - PETROBRAS","Current","PNA",2008-05-06,0.10119419,1,"JRS CAP PROPRIO",2008-06-09,2008-06-06,10.85,1,0.932665
"PETRÓLEO BRASILEIRO  S.A.  - PETROBRAS","Current","PNA",2008-05-06,0.10348254,1,"JRS CAP PROPRIO",2008-09-09,2008-09-08,7.11,1,1.455451
"PETRÓLEO BRASILEIRO  S.A.  - PETROBRAS","Current","PNA",2008-05-06,0.110384867,1,"JRS CAP PROPRIO",2008-12-12,2008-12-12,6,1,1.839748
"PETRÓLEO BRASILEIRO  S.A.  - PETROBRAS","Current","PNA",2008-05-06,0.11519259,1,"JRS CAP PROPRIO",2009-03-11,2009-03-10,5.64,1,2.042422
"PETRÓLEO BRASILEIRO  S.A.  - PETROBRAS","Current","PNA",2008-05-06,0.11403781,1,"JRS CAP PROPRIO",2009-09-01,2009-08-28,9.3,1,1.226213
"PETRÓLEO BRASILEIRO  S.A.  - PETROBRAS","Current","PNA",2008-05-06,0.12353984,1,"JRS CAP PROPRIO",2009-12-01,2009-12-01,12.8,1,0.965155
"PETRÓLEO BRASILEIRO  S.A.  - PETROBRAS","Current","PNA",2008-05-06,0.12272245,1,"JRS CAP PROPRIO",2010-03-05,2010-03-05,14.3,1,0.858199
"PETRÓLEO BRASILEIRO  S.A.  - PETROBRAS","Current","PNA",2008-05-06,0.12606184,1,"JRS CAP PROPRIO",2010-09-01,2010-08-30,15.79,1,0.798365
"PETRÓLEO BRASILEIRO  S.A.  - PETROBRAS","Current","PNA",2008-05-06,0.1387669,1,"JRS CAP PROPRIO",2011-03-04,2011-03-04,17.74,1,0.782226
"PETRÓLEO BRASILEIRO  S.A.  - PETROBRAS","Current","PNA",2008-05-06,0.14065488,1,"JRS CAP PROPRIO",2011-05-20,2011-05-12,18.19,1,0.773254
"PETRÓLEO BRASILEIRO  S.A.  - PETROBRAS","Current","PNA",2008-05-06,0.14869605,1,"JRS CAP PROPRIO",2012-09-03,2012-08-20,16.5,1,0.901188
"PETRÓLEO BRASILEIRO  S.A.  - PETROBRAS","Current","PNA",2008-05-06,0.16243631,1,"JRS CAP PROPRIO",2012-11-26,2012-11-23,16.16,1,1.005175
"PETRÓLEO BRASILEIRO  S.A.  - PETROBRAS","Current","PNA",2008-05-06,0.14733418,1,"JRS CAP PROPRIO",2013-03-04,2013-01-04,16.5,1,0.892934
"PETRÓLEO BRASILEIRO  S.A.  - PETROBRAS","Current","PNA",2008-05-06,0.14853202,1,"JRS CAP PROPRIO",2013-06-04,2013-05-07,16.95,1,0.876295
"PETRÓLEO BRASILEIRO  S.A.  - PETROBRAS","Current","PNA",2008-05-06,0.1509277,1,"JRS CAP PROPRIO",2013-09-03,NA,16.8014679,1,0.898301
"PETRÓLEO BRASILEIRO  S.A.  - PETROBRAS","Current","PNA",2008-05-06,0.15695555,1,"JRS CAP PROPRIO",2013-11-22,2013-09-23,15.72,1,0.998445
"PETRÓLEO BRASILEIRO  S.A.  - PETROBRAS","Current","PNA",2008-05-06,0.16168819,1,"JRS CAP PROPRIO",2014-02-25,2014-02-19,10.91,1,1.482018
"PETRÓLEO BRASILEIRO  S.A.  - PETROBRAS","Current","PNA",2008-05-06,0.1656318,1,"JRS CAP PROPRIO",2014-09-03,2014-08-13,12.91,1,1.282973
"PETRÓLEO BRASILEIRO  S.A.  - PETROBRAS","Current","PNA",2008-05-06,0.17392307,1,"JRS CAP PROPRIO",2014-11-25,2014-09-26,14.7,1,1.18315
"PETRÓLEO BRASILEIRO  S.A.  - PETROBRAS","Current","PNA",2008-05-06,0.18825522,1,"JRS CAP PROPRIO",2015-03-04,2015-01-27,12,1,1.568794
"PETRÓLEO BRASILEIRO  S.A.  - PETROBRAS","Current","PNA",2008-05-06,0.2063835,1,"JRS CAP PROPRIO",2015-06-02,NA,11.0376794,1,1.869809
"PETRÓLEO BRASILEIRO  S.A.  - PETROBRAS","Current","PNA",2008-05-06,0.27278726,1,"JRS CAP PROPRIO",2015-12-03,2015-11-04,6.95,1,3.924997
"PETRÓLEO BRASILEIRO  S.A.  - PETROBRAS","Current","PNA",2008-05-06,0.18632828,1,"JRS CAP PROPRIO",2016-03-10,2016-03-03,8.52,1,2.186952
"PETRÓLEO BRASILEIRO  S.A.  - PETROBRAS","Current","PNA",2008-05-06,0.18784315,1,"JRS CAP PROPRIO",2016-06-13,2016-06-10,11.8,1,1.591891
"PETRÓLEO BRASILEIRO  S.A.  - PETROBRAS","Current","PNA",2009-03-31,0.10352841,1,"DIVIDENDO",2009-03-31,2009-03-30,7,1,1.478977
"PETRÓLEO BRASILEIRO  S.A.  - PETROBRAS","Current","PNA",2009-05-06,0.11741434,1,"JRS CAP PROPRIO",2009-06-05,2009-06-03,8,1,1.467679
"PETRÓLEO BRASILEIRO  S.A.  - PETROBRAS","Current","PNA",2010-04-30,0.07098034,1,"DIVIDENDO",2010-04-30,2010-04-28,13.4,1,0.529704
"PETRÓLEO BRASILEIRO  S.A.  - PETROBRAS","Current","PNA",2010-06-04,0.12439214,1,"JRS CAP PROPRIO",2010-06-04,2010-05-28,12.05,1,1.0323
"PETRÓLEO BRASILEIRO  S.A.  - PETROBRAS","Current","PNA",2010-12-01,0.13520206,1,"JRS CAP PROPRIO",2010-12-01,2010-12-01,19.4,1,0.696918
"PETRÓLEO BRASILEIRO  S.A.  - PETROBRAS","Current","PNA",2010-12-10,0.17467081,1,"DIVIDENDO",2010-12-15,2010-12-15,17.5,1,0.998119
"PETRÓLEO BRASILEIRO  S.A.  - PETROBRAS","Current","PNA",2011-04-29,0.0627334108,1,"DIVIDENDO",2011-04-29,2011-04-29,18.6,1,0.337276
"PETRÓLEO BRASILEIRO  S.A.  - PETROBRAS","Current","PNA",2011-09-01,0.14254287,1,"JRS CAP PROPRIO",2011-09-01,2011-09-01,17.5,1,0.814531
"PETRÓLEO BRASILEIRO  S.A.  - PETROBRAS","Current","PNA",2011-11-22,0.15402929,1,"JRS CAP PROPRIO",2011-11-22,2011-11-16,19.02,1,0.809828
"PETRÓLEO BRASILEIRO  S.A.  - PETROBRAS","Current","PNA",2011-12-14,0.16123738,1,"DIVIDENDO",2011-12-14,2011-11-30,18.5,1,0.871553
"PETRÓLEO BRASILEIRO  S.A.  - PETROBRAS","Current","PNA",2012-03-02,0.15839358,1,"JRS CAP PROPRIO",2012-03-02,2012-02-29,20,1,0.791968
"PETRÓLEO BRASILEIRO  S.A.  - PETROBRAS","Current","PNA",2012-04-30,0.1791507,1,"DIVIDENDO",2012-04-30,2012-04-10,18.51,1,0.967859
"PETRÓLEO BRASILEIRO  S.A.  - PETROBRAS","Current","PNA",2012-06-04,0.16054863,1,"JRS CAP PROPRIO",2012-06-04,2012-05-24,15.22,1,1.054853
"PETRÓLEO BRASILEIRO  S.A.  - PETROBRAS","Current","PNA",2012-12-11,0.10749306,1,"DIVIDENDO",2012-12-18,2012-12-12,15.9,1,0.676057
"PETRÓLEO BRASILEIRO  S.A.  - PETROBRAS","Current","PNA",2013-04-30,0.08889204,1,"DIVIDENDO",2013-04-30,2013-04-16,17.1,1,0.519836
"PETRÓLEO BRASILEIRO  S.A.  - PETROBRAS","Current","PNA",2014-04-30,0.18650545,1,"DIVIDENDO",2014-04-30,2014-04-25,12.2,1,1.528733
"PETRÓLEO BRASILEIRO  S.A.  - PETROBRAS","Current","PNA",2014-06-04,0.16300273,1,"JRS CAP PROPRIO",2014-06-04,NA,12.0134945,1,1.35683
"PETRÓLEO BRASILEIRO  S.A.  - PETROBRAS","Current","PNA",2015-04-30,0.03232052,1,"DIVIDENDO",2015-04-30,2015-03-16,11.07,1,0.291965
"PETRÓLEO BRASILEIRO  S.A.  - PETROBRAS","Current","PNA",2015-09-09,0.22869523,1,"JRS CAP PROPRIO",2015-09-09,2015-09-09,7.5,1,3.04927
"PETRÓLEO BRASILEIRO  S.A.  - PETROBRAS","Current","PNA",2016-09-01,0.19087287,1,"JRS CAP PROPRIO",2016-09-06,2016-09-06,14.02,1,1.361433
"PETRÓLEO BRASILEIRO  S.A.  - PETROBRAS","Current","PNA",2016-12-09,0.04156739,1,"JRS CAP PROPRIO",2016-12-14,2016-11-23,12.1,1,0.343532
"PETRÓLEO BRASILEIRO  S.A.  - PETROBRAS","Current","PNA",2017-03-08,0.19820569,1,"JRS CAP PROPRIO",2017-03-13,2017-03-10,26,1,0.76233
"PETRÓLEO BRASILEIRO  S.A.  - PETROBRAS","Current","PNA",2017-04-28,0.04077776,1,"DIVIDENDO",2017-05-04,2017-04-25,19.1,1,0.213496
"PETRÓLEO BRASILEIRO  S.A.  - PETROBRAS","Current","PNA",2017-05-10,0.19981712,1,"JRS CAP PROPRIO",2017-05-15,2017-05-15,22,1,0.90826
"PETRÓLEO BRASILEIRO  S.A.  - PETROBRAS","Current","PNA",2017-08-09,0.20303997,1,"JRS CAP PROPRIO",2017-08-14,2017-07-28,22,1,0.922909
"PETRÓLEO BRASILEIRO  S.A.  - PETROBRAS","Current","PNB",2007-12-14,0.1747053,1,"DIVIDENDO",2007-12-14,2007-12-14,10.4,1,1.679859
"PETRÓLEO BRASILEIRO  S.A.  - PETROBRAS","Current","PNB",2008-03-25,0.323616,1,"DIVIDENDO",2008-03-25,2008-03-25,9.13,1,3.544535
"PETRÓLEO BRASILEIRO  S.A.  - PETROBRAS","Current","PNB",2008-05-06,0.104451,1,"JRS CAP PROPRIO",2008-05-07,2008-05-07,10.94,1,0.954762
"PETRÓLEO BRASILEIRO  S.A.  - PETROBRAS","Current","PNB",2008-05-06,0.10119419,1,"JRS CAP PROPRIO",2008-06-09,2008-06-09,10.5,1,0.963754
"PETRÓLEO BRASILEIRO  S.A.  - PETROBRAS","Current","PNB",2008-05-06,0.10250773,1,"JRS CAP PROPRIO",2008-09-09,2008-09-09,6.9,1,1.485619
"PETRÓLEO BRASILEIRO  S.A.  - PETROBRAS","Current","PNB",2008-05-06,0.103777301,1,"JRS CAP PROPRIO",2008-12-12,2008-12-12,5.51,1,1.883436
"PETRÓLEO BRASILEIRO  S.A.  - PETROBRAS","Current","PNB",2008-05-06,0.11519259,1,"JRS CAP PROPRIO",2009-03-11,2009-03-11,5.48,1,2.102055
"PETRÓLEO BRASILEIRO  S.A.  - PETROBRAS","Current","PNB",2008-05-06,0.11403781,1,"JRS CAP PROPRIO",2009-09-01,2009-09-01,10.01,1,1.139239
"PETRÓLEO BRASILEIRO  S.A.  - PETROBRAS","Current","PNB",2008-05-06,0.11547232,1,"JRS CAP PROPRIO",2009-12-01,2009-12-01,12.45,1,0.927489
"PETRÓLEO BRASILEIRO  S.A.  - PETROBRAS","Current","PNB",2008-05-06,0.12272245,1,"JRS CAP PROPRIO",2010-03-05,2010-03-05,14.39,1,0.852831
"PETRÓLEO BRASILEIRO  S.A.  - PETROBRAS","Current","PNB",2008-05-06,0.12606184,1,"JRS CAP PROPRIO",2010-09-01,2010-09-01,16.6,1,0.759409
"PETRÓLEO BRASILEIRO  S.A.  - PETROBRAS","Current","PNB",2008-05-06,0.1387669,1,"JRS CAP PROPRIO",2011-03-04,2011-03-04,18,1,0.770927
"PETRÓLEO BRASILEIRO  S.A.  - PETROBRAS","Current","PNB",2008-05-06,0.14065488,1,"JRS CAP PROPRIO",2011-05-20,2011-05-20,18.05,1,0.779251
"PETRÓLEO BRASILEIRO  S.A.  - PETROBRAS","Current","PNB",2008-05-06,0.14869605,1,"JRS CAP PROPRIO",2012-09-03,2012-09-03,16.5,1,0.901188
"PETRÓLEO BRASILEIRO  S.A.  - PETROBRAS","Current","PNB",2008-05-06,0.15183675,1,"JRS CAP PROPRIO",2012-11-26,2012-11-26,16.3,1,0.931514
"PETRÓLEO BRASILEIRO  S.A.  - PETROBRAS","Current","PNB",2008-05-06,0.14733418,1,"JRS CAP PROPRIO",2013-03-04,2013-03-04,17.87,1,0.824478
"PETRÓLEO BRASILEIRO  S.A.  - PETROBRAS","Current","PNB",2008-05-06,0.14853202,1,"JRS CAP PROPRIO",2013-06-04,2013-06-04,16.33,1,0.909565
"PETRÓLEO BRASILEIRO  S.A.  - PETROBRAS","Current","PNB",2008-05-06,0.1509277,1,"JRS CAP PROPRIO",2013-09-03,2013-09-03,14.4,1,1.048109
"PETRÓLEO BRASILEIRO  S.A.  - PETROBRAS","Current","PNB",2008-05-06,0.15208347,1,"JRS CAP PROPRIO",2013-11-22,2013-11-22,13.7,1,1.110098
"PETRÓLEO BRASILEIRO  S.A.  - PETROBRAS","Current","PNB",2008-05-06,0.16168819,1,"JRS CAP PROPRIO",2014-02-25,2014-02-25,10.92,1,1.480661
"PETRÓLEO BRASILEIRO  S.A.  - PETROBRAS","Current","PNB",2008-05-06,0.1656318,1,"JRS CAP PROPRIO",2014-09-03,2014-09-03,15.42,1,1.074136
"PETRÓLEO BRASILEIRO  S.A.  - PETROBRAS","Current","PNB",2008-05-06,0.1668856,1,"JRS CAP PROPRIO",2014-11-25,2014-11-25,14.1,1,1.183586
"PETRÓLEO BRASILEIRO  S.A.  - PETROBRAS","Current","PNB",2008-05-06,0.18825522,1,"JRS CAP PROPRIO",2015-03-04,2015-03-04,12.19,1,1.544341
"PETRÓLEO BRASILEIRO  S.A.  - PETROBRAS","Current","PNB",2008-05-06,0.2063835,1,"JRS CAP PROPRIO",2015-06-02,2015-06-02,10.25,1,2.013498
"PETRÓLEO BRASILEIRO  S.A.  - PETROBRAS","Current","PNB",2008-05-06,0.2480045,1,"JRS CAP PROPRIO",2015-12-03,2015-12-03,5.85,1,4.239393
"PETRÓLEO BRASILEIRO  S.A.  - PETROBRAS","Current","PNB",2008-05-06,0.18632828,1,"JRS CAP PROPRIO",2016-03-10,2016-03-10,7.33,1,2.541996
"PETRÓLEO BRASILEIRO  S.A.  - PETROBRAS","Current","PNB",2008-05-06,0.18784315,1,"JRS CAP PROPRIO",2016-06-13,2016-06-13,7.71,1,2.436357
"PETRÓLEO BRASILEIRO  S.A.  - PETROBRAS","Current","PNB",2009-03-31,0.09411672,1,"DIVIDENDO",2009-03-31,2009-03-31,6.99,1,1.346448
"PETRÓLEO BRASILEIRO  S.A.  - PETROBRAS","Current","PNB",2009-05-06,0.11741434,1,"JRS CAP PROPRIO",2009-06-05,2009-06-05,8.49,1,1.382972
"PETRÓLEO BRASILEIRO  S.A.  - PETROBRAS","Current","PNB",2010-04-30,0.06452758,1,"DIVIDENDO",2010-04-30,2010-04-30,13.4,1,0.481549
"PETRÓLEO BRASILEIRO  S.A.  - PETROBRAS","Current","PNB",2010-06-04,0.12439214,1,"JRS CAP PROPRIO",2010-06-04,2010-06-04,12.9,1,0.96428
"PETRÓLEO BRASILEIRO  S.A.  - PETROBRAS","Current","PNB",2010-12-01,0.12766351,1,"JRS CAP PROPRIO",2010-12-01,2010-12-01,19.3,1,0.661469
"PETRÓLEO BRASILEIRO  S.A.  - PETROBRAS","Current","PNB",2010-12-10,0.15879164,1,"DIVIDENDO",2010-12-15,2010-12-15,17.4,1,0.912596
"PETRÓLEO BRASILEIRO  S.A.  - PETROBRAS","Current","PNB",2011-04-29,0.0570303735,1,"DIVIDENDO",2011-04-29,2011-04-29,18.9,1,0.301748
"PETRÓLEO BRASILEIRO  S.A.  - PETROBRAS","Current","PNB",2011-09-01,0.14254287,1,"JRS CAP PROPRIO",2011-09-01,2011-09-01,17.75,1,0.803058
"PETRÓLEO BRASILEIRO  S.A.  - PETROBRAS","Current","PNB",2011-11-22,0.14434502,1,"JRS CAP PROPRIO",2011-11-22,2011-11-22,18.02,1,0.801027
"PETRÓLEO BRASILEIRO  S.A.  - PETROBRAS","Current","PNB",2011-12-14,0.14657944,1,"DIVIDENDO",2011-12-14,2011-12-14,19,1,0.771471
"PETRÓLEO BRASILEIRO  S.A.  - PETROBRAS","Current","PNB",2012-03-02,0.15839358,1,"JRS CAP PROPRIO",2012-03-02,2012-03-02,20.78,1,0.762241
"PETRÓLEO BRASILEIRO  S.A.  - PETROBRAS","Current","PNB",2012-04-30,0.16286427,1,"DIVIDENDO",2012-04-30,2012-04-30,16.52,1,0.985861
"PETRÓLEO BRASILEIRO  S.A.  - PETROBRAS","Current","PNB",2012-06-04,0.16054863,1,"JRS CAP PROPRIO",2012-06-04,2012-06-04,15.48,1,1.037136
"PETRÓLEO BRASILEIRO  S.A.  - PETROBRAS","Current","PNB",2012-12-11,0.09772096,1,"DIVIDENDO",2012-12-18,2012-12-18,15.2,1,0.642901
"PETRÓLEO BRASILEIRO  S.A.  - PETROBRAS","Current","PNB",2013-04-30,0.08081094,1,"DIVIDENDO",2013-04-30,2013-04-30,17.1,1,0.472579
"PETRÓLEO BRASILEIRO  S.A.  - PETROBRAS","Current","PNB",2014-04-30,0.16955041,1,"DIVIDENDO",2014-04-30,2014-04-30,12.51,1,1.355319
"PETRÓLEO BRASILEIRO  S.A.  - PETROBRAS","Current","PNB",2014-06-04,0.16300273,1,"JRS CAP PROPRIO",2014-06-04,2014-06-04,10.96,1,1.487251
"PETRÓLEO BRASILEIRO  S.A.  - PETROBRAS","Current","PNB",2015-04-30,0.02938229,1,"DIVIDENDO",2015-04-30,2015-04-30,11.69,1,0.251346
"PETRÓLEO BRASILEIRO  S.A.  - PETROBRAS","Current","PNB",2015-09-09,0.22869523,1,"JRS CAP PROPRIO",2015-09-09,2015-09-09,7,1,3.267075
"PETRÓLEO BRASILEIRO  S.A.  - PETROBRAS","Current","PNB",2016-09-01,0.19087287,1,"JRS CAP PROPRIO",2016-09-06,2016-09-06,11.75,1,1.62445
"PETRÓLEO BRASILEIRO  S.A.  - PETROBRAS","Current","PNB",2016-12-09,0.04156739,1,"JRS CAP PROPRIO",2016-12-14,2016-12-14,10.67,1,0.389573
"PETRÓLEO BRASILEIRO  S.A.  - PETROBRAS","Current","PNB",2017-03-08,0.19820569,1,"JRS CAP PROPRIO",2017-03-13,2017-03-13,16.35,1,1.212267
"PETRÓLEO BRASILEIRO  S.A.  - PETROBRAS","Current","PNB",2017-04-28,0.04077776,1,"DIVIDENDO",2017-05-04,2017-05-04,14.95,1,0.272761
"PETRÓLEO BRASILEIRO  S.A.  - PETROBRAS","Current","PNB",2017-05-10,0.19981712,1,"JRS CAP PROPRIO",2017-05-15,2017-05-15,15.6,1,1.280879
"PETRÓLEO BRASILEIRO  S.A.  - PETROBRAS","Current","PNB",2017-08-09,0.20303997,1,"JRS CAP PROPRIO",2017-08-14,2017-08-14,15.85,1,1.281009
